INSERT INTO RazaPersonaje (IdRazaPersonaje, Nombre) VALUES (1, 'Humano');
INSERT INTO RazaPersonaje (IdRazaPersonaje, Nombre) VALUES (2, 'Elfo');
INSERT INTO RazaPersonaje (IdRazaPersonaje, Nombre) VALUES (3, 'Enano');
INSERT INTO RazaPersonaje (IdRazaPersonaje, Nombre) VALUES (4, 'Orco');
INSERT INTO RazaPersonaje (IdRazaPersonaje, Nombre) VALUES (5, 'Gnomo');
INSERT INTO RazaPersonaje (IdRazaPersonaje, Nombre) VALUES (6, 'Medusa');
INSERT INTO RazaPersonaje (IdRazaPersonaje, Nombre) VALUES (7, 'Sirena');
INSERT INTO RazaPersonaje (IdRazaPersonaje, Nombre) VALUES (8, 'Centauro');
INSERT INTO RazaPersonaje (IdRazaPersonaje, Nombre) VALUES (9, 'Vampiro');
INSERT INTO RazaPersonaje (IdRazaPersonaje, Nombre) VALUES (10, 'Licántropo');
INSERT INTO RazaPersonaje (IdRazaPersonaje, Nombre) VALUES (11, 'Naga');
INSERT INTO RazaPersonaje (IdRazaPersonaje, Nombre) VALUES (12, 'Minotauro');
INSERT INTO RazaPersonaje (IdRazaPersonaje, Nombre) VALUES (13, 'Gorgona');
INSERT INTO RazaPersonaje (IdRazaPersonaje, Nombre) VALUES (14, 'Hidra');
INSERT INTO RazaPersonaje (IdRazaPersonaje, Nombre) VALUES (15, 'Fauno');
INSERT INTO RazaPersonaje (IdRazaPersonaje, Nombre) VALUES (16, 'Troll');
INSERT INTO RazaPersonaje (IdRazaPersonaje, Nombre) VALUES (17, 'Ogro');
INSERT INTO RazaPersonaje (IdRazaPersonaje, Nombre) VALUES (18, 'Cíclope');
INSERT INTO RazaPersonaje (IdRazaPersonaje, Nombre) VALUES (19, 'Dragón');
INSERT INTO RazaPersonaje (IdRazaPersonaje, Nombre) VALUES (20, 'Fénix');
INSERT INTO RazaPersonaje (IdRazaPersonaje, Nombre) VALUES (21, 'Unicornio');
INSERT INTO RazaPersonaje (IdRazaPersonaje, Nombre) VALUES (22, 'Grifo');
INSERT INTO RazaPersonaje (IdRazaPersonaje, Nombre) VALUES (23, 'Harpía');
INSERT INTO RazaPersonaje (IdRazaPersonaje, Nombre) VALUES (24, 'Quimera');
INSERT INTO RazaPersonaje (IdRazaPersonaje, Nombre) VALUES (25, 'Kraken');
INSERT INTO RazaPersonaje (IdRazaPersonaje, Nombre) VALUES (26, 'Leviatán');
INSERT INTO RazaPersonaje (IdRazaPersonaje, Nombre) VALUES (27, 'Ángel');
INSERT INTO RazaPersonaje (IdRazaPersonaje, Nombre) VALUES (28, 'Demonio');
INSERT INTO RazaPersonaje (IdRazaPersonaje, Nombre) VALUES (29, 'Gárgola');
INSERT INTO RazaPersonaje (IdRazaPersonaje, Nombre) VALUES (30, 'Jabberwocky');
INSERT INTO RazaPersonaje (IdRazaPersonaje, Nombre) VALUES (31, 'Sátiro');
INSERT INTO RazaPersonaje (IdRazaPersonaje, Nombre) VALUES (51, 'Elfo oscuro');
INSERT INTO RazaPersonaje (IdRazaPersonaje, Nombre) VALUES (52, 'Humano nórdico');
INSERT INTO RazaPersonaje (IdRazaPersonaje, Nombre) VALUES (53, 'Orco salvaje');
INSERT INTO RazaPersonaje (IdRazaPersonaje, Nombre) VALUES (54, 'Elfo de la luz');
INSERT INTO RazaPersonaje (IdRazaPersonaje, Nombre) VALUES (55, 'Enano de las cavernas');
INSERT INTO RazaPersonaje (IdRazaPersonaje, Nombre) VALUES (56, 'Mediano astuto');
INSERT INTO RazaPersonaje (IdRazaPersonaje, Nombre) VALUES (57, 'Goblin veloz');
INSERT INTO RazaPersonaje (IdRazaPersonaje, Nombre) VALUES (58, 'Trol feroz');
INSERT INTO RazaPersonaje (IdRazaPersonaje, Nombre) VALUES (59, 'Elfo del bosque');
INSERT INTO RazaPersonaje (IdRazaPersonaje, Nombre) VALUES (60, 'Humano imperial');
INSERT INTO RazaPersonaje (IdRazaPersonaje, Nombre) VALUES (61, 'Orco guerrero');
INSERT INTO RazaPersonaje (IdRazaPersonaje, Nombre) VALUES (62, 'Gnomo ingenioso');
INSERT INTO RazaPersonaje (IdRazaPersonaje, Nombre) VALUES (63, 'Hombre rata sigiloso');
INSERT INTO RazaPersonaje (IdRazaPersonaje, Nombre) VALUES (64, 'Demonio corrupto');
INSERT INTO RazaPersonaje (IdRazaPersonaje, Nombre) VALUES (65, 'Ángel benévolo');
INSERT INTO RazaPersonaje (IdRazaPersonaje, Nombre) VALUES (66, 'Dragón mítico');
INSERT INTO RazaPersonaje (IdRazaPersonaje, Nombre) VALUES (67, 'Hada encantadora');
INSERT INTO RazaPersonaje (IdRazaPersonaje, Nombre) VALUES (68, 'Enano de montaña');
INSERT INTO RazaPersonaje (IdRazaPersonaje, Nombre) VALUES (69, 'Licántropo feroz');
INSERT INTO RazaMonstruo (IdRazaMonstruo, Nombre) VALUES (1, 'Humano');
INSERT INTO RazaMonstruo (IdRazaMonstruo, Nombre) VALUES (2, 'Elfo');
INSERT INTO RazaMonstruo (IdRazaMonstruo, Nombre) VALUES (3, 'Enano');
INSERT INTO RazaMonstruo (IdRazaMonstruo, Nombre) VALUES (4, 'Orco');
INSERT INTO RazaMonstruo (IdRazaMonstruo, Nombre) VALUES (5, 'Gnomo');
INSERT INTO RazaMonstruo (IdRazaMonstruo, Nombre) VALUES (6, 'Medusa');
INSERT INTO RazaMonstruo (IdRazaMonstruo, Nombre) VALUES (7, 'Sirena');
INSERT INTO RazaMonstruo (IdRazaMonstruo, Nombre) VALUES (8, 'Centauro');
INSERT INTO RazaMonstruo (IdRazaMonstruo, Nombre) VALUES (9, 'Vampiro');
INSERT INTO RazaMonstruo (IdRazaMonstruo, Nombre) VALUES (10, 'Licántropo');
INSERT INTO RazaMonstruo (IdRazaMonstruo, Nombre) VALUES (11, 'Naga');
INSERT INTO RazaMonstruo (IdRazaMonstruo, Nombre) VALUES (12, 'Minotauro');
INSERT INTO RazaMonstruo (IdRazaMonstruo, Nombre) VALUES (13, 'Gorgona');
INSERT INTO RazaMonstruo (IdRazaMonstruo, Nombre) VALUES (14, 'Hidra');
INSERT INTO RazaMonstruo (IdRazaMonstruo, Nombre) VALUES (15, 'Fauno');
INSERT INTO RazaMonstruo (IdRazaMonstruo, Nombre) VALUES (16, 'Troll');
INSERT INTO RazaMonstruo (IdRazaMonstruo, Nombre) VALUES (17, 'Ogro');
INSERT INTO RazaMonstruo (IdRazaMonstruo, Nombre) VALUES (18, 'Cíclope');
INSERT INTO RazaMonstruo (IdRazaMonstruo, Nombre) VALUES (19, 'Dragón');
INSERT INTO RazaMonstruo (IdRazaMonstruo, Nombre) VALUES (20, 'Fénix');
INSERT INTO RazaMonstruo (IdRazaMonstruo, Nombre) VALUES (21, 'Unicornio');
INSERT INTO RazaMonstruo (IdRazaMonstruo, Nombre) VALUES (22, 'Grifo');
INSERT INTO RazaMonstruo (IdRazaMonstruo, Nombre) VALUES (23, 'Harpía');
INSERT INTO RazaMonstruo (IdRazaMonstruo, Nombre) VALUES (24, 'Quimera');
INSERT INTO RazaMonstruo (IdRazaMonstruo, Nombre) VALUES (25, 'Kraken');
INSERT INTO RazaMonstruo (IdRazaMonstruo, Nombre) VALUES (26, 'Leviatán');
INSERT INTO RazaMonstruo (IdRazaMonstruo, Nombre) VALUES (27, 'Ángel');
INSERT INTO RazaMonstruo (IdRazaMonstruo, Nombre) VALUES (28, 'Demonio');
INSERT INTO RazaMonstruo (IdRazaMonstruo, Nombre) VALUES (29, 'Gárgola');
INSERT INTO RazaMonstruo (IdRazaMonstruo, Nombre) VALUES (30, 'Jabberwocky');
INSERT INTO RazaMonstruo (IdRazaMonstruo, Nombre) VALUES (31, 'Sátiro');
INSERT INTO RazaMonstruo (IdRazaMonstruo, Nombre) VALUES (51, 'Elfo oscuro');
INSERT INTO RazaMonstruo (IdRazaMonstruo, Nombre) VALUES (52, 'Humano nórdico');
INSERT INTO RazaMonstruo (IdRazaMonstruo, Nombre) VALUES (53, 'Orco salvaje');
INSERT INTO RazaMonstruo (IdRazaMonstruo, Nombre) VALUES (54, 'Elfo de la luz');
INSERT INTO RazaMonstruo (IdRazaMonstruo, Nombre) VALUES (55, 'Enano de las cavernas');
INSERT INTO RazaMonstruo (IdRazaMonstruo, Nombre) VALUES (56, 'Mediano astuto');
INSERT INTO RazaMonstruo (IdRazaMonstruo, Nombre) VALUES (57, 'Goblin veloz');
INSERT INTO RazaMonstruo (IdRazaMonstruo, Nombre) VALUES (58, 'Trol feroz');
INSERT INTO RazaMonstruo (IdRazaMonstruo, Nombre) VALUES (59, 'Elfo del bosque');
INSERT INTO RazaMonstruo (IdRazaMonstruo, Nombre) VALUES (60, 'Humano imperial');
INSERT INTO RazaMonstruo (IdRazaMonstruo, Nombre) VALUES (61, 'Orco guerrero');
INSERT INTO RazaMonstruo (IdRazaMonstruo, Nombre) VALUES (62, 'Gnomo ingenioso');
INSERT INTO RazaMonstruo (IdRazaMonstruo, Nombre) VALUES (63, 'Hombre rata sigiloso');
INSERT INTO RazaMonstruo (IdRazaMonstruo, Nombre) VALUES (64, 'Demonio corrupto');
INSERT INTO RazaMonstruo (IdRazaMonstruo, Nombre) VALUES (65, 'Ángel benévolo');
INSERT INTO RazaMonstruo (IdRazaMonstruo, Nombre) VALUES (66, 'Dragón mítico');
INSERT INTO RazaMonstruo (IdRazaMonstruo, Nombre) VALUES (67, 'Hada encantadora');
INSERT INTO RazaMonstruo (IdRazaMonstruo, Nombre) VALUES (68, 'Enano de montaña');
INSERT INTO RazaMonstruo (IdRazaMonstruo, Nombre) VALUES (69, 'Licántropo feroz');
INSERT INTO Personaje (Nombre, IdPersonaje, IdRazaPersonaje)VALUES ('Gandalf', 1, 2);
INSERT INTO Personaje (Nombre, IdPersonaje, IdRazaPersonaje)VALUES ('Aragorn', 2, 3);
INSERT INTO Personaje (Nombre, IdPersonaje, IdRazaPersonaje)VALUES ('Legolas', 3, 3);
INSERT INTO Personaje (Nombre, IdPersonaje, IdRazaPersonaje)VALUES ('Gimli', 4, 1);
INSERT INTO Personaje (Nombre, IdPersonaje, IdRazaPersonaje)VALUES ('Frodo', 5, 4);
INSERT INTO Personaje (Nombre, IdPersonaje, IdRazaPersonaje)VALUES ('Sam', 6, 4);
INSERT INTO Personaje (Nombre, IdPersonaje, IdRazaPersonaje)VALUES ('Merry', 7, 4);
INSERT INTO Personaje (Nombre, IdPersonaje, IdRazaPersonaje)VALUES ('Pippin', 8, 4);
INSERT INTO Personaje (Nombre, IdPersonaje, IdRazaPersonaje)VALUES ('Boromir', 9, 3);
INSERT INTO Personaje (Nombre, IdPersonaje, IdRazaPersonaje)VALUES ('Saruman', 10, 2);
INSERT INTO Personaje (Nombre, IdPersonaje, IdRazaPersonaje)VALUES ('Sauron', 11, 5);
INSERT INTO Personaje (Nombre, IdPersonaje, IdRazaPersonaje)VALUES ('Gollum', 12, 6);
INSERT INTO Personaje (Nombre, IdPersonaje, IdRazaPersonaje)VALUES ('Tom Bombadil', 13, 7);
INSERT INTO Personaje (Nombre, IdPersonaje, IdRazaPersonaje)VALUES ('Arwen', 14, 3);
INSERT INTO Personaje (Nombre, IdPersonaje, IdRazaPersonaje)VALUES ('Éowyn', 15, 3);
INSERT INTO Personaje (Nombre, IdPersonaje, IdRazaPersonaje)VALUES ('Éomer', 16, 3);
INSERT INTO Personaje (Nombre, IdPersonaje, IdRazaPersonaje)VALUES ('Théoden', 17, 3);
INSERT INTO Personaje (Nombre, IdPersonaje, IdRazaPersonaje)VALUES ('Treebeard', 18, 7);
INSERT INTO Personaje (Nombre, IdPersonaje, IdRazaPersonaje)VALUES ('Haldir', 19, 3);
INSERT INTO Personaje (Nombre, IdPersonaje, IdRazaPersonaje)VALUES ('Galadriel', 20, 3);
INSERT INTO Personaje (Nombre, IdPersonaje, IdRazaPersonaje)VALUES ('Aria', 21, 1);
INSERT INTO Personaje (Nombre, IdPersonaje, IdRazaPersonaje)VALUES ('Liam', 22, 2);
INSERT INTO Personaje (Nombre, IdPersonaje, IdRazaPersonaje)VALUES ('Evelyn', 23, 3);
INSERT INTO Personaje (Nombre, IdPersonaje, IdRazaPersonaje)VALUES ('Jackson', 24, 4);
INSERT INTO Personaje (Nombre, IdPersonaje, IdRazaPersonaje)VALUES ('Ava', 25, 1);
INSERT INTO Personaje (Nombre, IdPersonaje, IdRazaPersonaje)VALUES ('Lucas', 26, 2);
INSERT INTO Personaje (Nombre, IdPersonaje, IdRazaPersonaje)VALUES ('Mia', 27, 3);
INSERT INTO Personaje (Nombre, IdPersonaje, IdRazaPersonaje)VALUES ('Logan', 28, 4);
INSERT INTO Personaje (Nombre, IdPersonaje, IdRazaPersonaje)VALUES ('Amelia', 29, 1);
INSERT INTO Personaje (Nombre, IdPersonaje, IdRazaPersonaje)VALUES ('Noah', 30, 2);
INSERT INTO Personaje (Nombre, IdPersonaje, IdRazaPersonaje)VALUES ('Charlotte', 31, 3);
INSERT INTO Personaje (Nombre, IdPersonaje, IdRazaPersonaje)VALUES ('Ethan', 32, 4);
INSERT INTO Personaje (Nombre, IdPersonaje, IdRazaPersonaje)VALUES ('Avery', 33, 1);
INSERT INTO Personaje (Nombre, IdPersonaje, IdRazaPersonaje)VALUES ('Oliver', 34, 2);
INSERT INTO Personaje (Nombre, IdPersonaje, IdRazaPersonaje)VALUES ('Sophia', 35, 3);
INSERT INTO Personaje (Nombre, IdPersonaje, IdRazaPersonaje)VALUES ('Aiden', 36, 4);
INSERT INTO Personaje (Nombre, IdPersonaje, IdRazaPersonaje)VALUES ('Harper', 37, 1);
INSERT INTO Personaje (Nombre, IdPersonaje, IdRazaPersonaje)VALUES ('Carter', 38, 2);
INSERT INTO Personaje (Nombre, IdPersonaje, IdRazaPersonaje)VALUES ('Chloe', 39, 3);
INSERT INTO Personaje (Nombre, IdPersonaje, IdRazaPersonaje)VALUES ('Lincoln', 40, 4);
INSERT INTO Personaje (Nombre, IdPersonaje, IdRazaPersonaje)VALUES ('Madison', 41, 1);
INSERT INTO Personaje (Nombre, IdPersonaje, IdRazaPersonaje)VALUES ('Mason', 42, 2);
INSERT INTO Personaje (Nombre, IdPersonaje, IdRazaPersonaje)VALUES ('Leah', 43, 3);
INSERT INTO Personaje (Nombre, IdPersonaje, IdRazaPersonaje)VALUES ('Grayson', 44, 4);
INSERT INTO Personaje (Nombre, IdPersonaje, IdRazaPersonaje)VALUES ('Aaliyah', 45, 1);
INSERT INTO Personaje (Nombre, IdPersonaje, IdRazaPersonaje)VALUES ('Cameron', 46, 2);
INSERT INTO Personaje (Nombre, IdPersonaje, IdRazaPersonaje)VALUES ('Abigail',47,6);
INSERT INTO Personaje (Nombre, IdPersonaje, IdRazaPersonaje)VALUES ('Cedric', 48, 3);
INSERT INTO Personaje (Nombre, IdPersonaje, IdRazaPersonaje)VALUES ('Evelyn', 49, 4);
INSERT INTO Personaje (Nombre, IdPersonaje, IdRazaPersonaje)VALUES ('Oliver', 50, 2);
INSERT INTO Monstruo (IdMonstruo, Nombre, Nivel, IdRazaMonstruo) VALUES (1, 'Gromm', 8, 4);
INSERT INTO Monstruo (IdMonstruo, Nombre, Nivel, IdRazaMonstruo) VALUES (2, 'Elena', 4, 2);
INSERT INTO Monstruo (IdMonstruo, Nombre, Nivel, IdRazaMonstruo) VALUES (3, 'Zokar', 6, 3);
INSERT INTO Monstruo (IdMonstruo, Nombre, Nivel, IdRazaMonstruo) VALUES (4, 'Aran', 2, 5);
INSERT INTO Monstruo (IdMonstruo, Nombre, Nivel, IdRazaMonstruo) VALUES (5, 'Keth', 12, 1);
INSERT INTO Monstruo (IdMonstruo, Nombre, Nivel, IdRazaMonstruo) VALUES (6, 'Yoran', 9, 6);
INSERT INTO Monstruo (IdMonstruo, Nombre, Nivel, IdRazaMonstruo) VALUES (7, 'Sarik', 7, 8);
INSERT INTO Monstruo (IdMonstruo, Nombre, Nivel, IdRazaMonstruo) VALUES (8, 'Lirien', 3, 2);
INSERT INTO Monstruo (IdMonstruo, Nombre, Nivel, IdRazaMonstruo) VALUES (9, 'Gorn', 5, 4);
INSERT INTO Monstruo (IdMonstruo, Nombre, Nivel, IdRazaMonstruo) VALUES (10, 'Falkor', 1, 9);
INSERT INTO Monstruo (IdMonstruo, Nombre, Nivel, IdRazaMonstruo) VALUES (11, 'Thron', 11, 7);
INSERT INTO Monstruo (IdMonstruo, Nombre, Nivel, IdRazaMonstruo) VALUES (12, 'Drog', 2, 10);
INSERT INTO Monstruo (IdMonstruo, Nombre, Nivel, IdRazaMonstruo) VALUES (13, 'Lareth', 4, 3);
INSERT INTO Monstruo (IdMonstruo, Nombre, Nivel, IdRazaMonstruo) VALUES (14, 'Narim', 8, 6);
INSERT INTO Monstruo (IdMonstruo, Nombre, Nivel, IdRazaMonstruo) VALUES (15, 'Zalzar', 5, 1);
INSERT INTO Monstruo (IdMonstruo, Nombre, Nivel, IdRazaMonstruo) VALUES (16, 'Neris', 10, 7);
INSERT INTO Monstruo (IdMonstruo, Nombre, Nivel, IdRazaMonstruo) VALUES (17, 'Faro', 3, 2);
INSERT INTO Monstruo (IdMonstruo, Nombre, Nivel, IdRazaMonstruo) VALUES (18, 'Brog', 7, 4);
INSERT INTO Monstruo (IdMonstruo, Nombre, Nivel, IdRazaMonstruo) VALUES (19, 'Loriel', 6, 2);
INSERT INTO Monstruo (IdMonstruo, Nombre, Nivel, IdRazaMonstruo) VALUES (20, 'Goblin', 5, 4);
INSERT INTO Monstruo (IdMonstruo, Nombre, Nivel, IdRazaMonstruo) VALUES (21, 'Ogro', 8, 4);
INSERT INTO Monstruo (IdMonstruo, Nombre, Nivel, IdRazaMonstruo) VALUES (22, 'Troll', 10, 4);
INSERT INTO Monstruo (IdMonstruo, Nombre, Nivel, IdRazaMonstruo) VALUES (23, 'Dragon', 20, 4);
INSERT INTO Monstruo (IdMonstruo, Nombre, Nivel, IdRazaMonstruo) VALUES (24, 'Elfo Oscuro', 7, 2);
INSERT INTO Monstruo (IdMonstruo, Nombre, Nivel, IdRazaMonstruo) VALUES (25, 'Elfo de la Luz', 7, 2);
INSERT INTO Monstruo (IdMonstruo, Nombre, Nivel, IdRazaMonstruo) VALUES (26, 'Enano de la Montaña', 6, 3);
INSERT INTO Monstruo (IdMonstruo, Nombre, Nivel, IdRazaMonstruo) VALUES (27, 'Enano del Bosque', 6, 3);
INSERT INTO Monstruo (IdMonstruo, Nombre, Nivel, IdRazaMonstruo) VALUES (28, 'Gnomo Mecánico', 8, 5);
INSERT INTO Monstruo (IdMonstruo, Nombre, Nivel, IdRazaMonstruo) VALUES (29, 'Gnomo de la Naturaleza', 8, 5);
INSERT INTO Monstruo (IdMonstruo, Nombre, Nivel, IdRazaMonstruo) VALUES (30, 'Medusa Gigante', 12, 6);
INSERT INTO Monstruo (IdMonstruo, Nombre, Nivel, IdRazaMonstruo) VALUES (31, 'Sirena Mágica', 12, 7);
INSERT INTO Monstruo (IdMonstruo, Nombre, Nivel, IdRazaMonstruo) VALUES (32, 'Centauro Guerrera', 15, 8);
INSERT INTO Monstruo (IdMonstruo, Nombre, Nivel, IdRazaMonstruo) VALUES (33, 'Centauro Sabio', 15, 8);
INSERT INTO Monstruo (IdMonstruo, Nombre, Nivel, IdRazaMonstruo) VALUES (34, 'Vampiro Noble', 18, 9);
INSERT INTO Monstruo (IdMonstruo, Nombre, Nivel, IdRazaMonstruo) VALUES (35, 'Vampiro Sanguinario', 18, 9);
INSERT INTO Monstruo (IdMonstruo, Nombre, Nivel, IdRazaMonstruo) VALUES (36, 'Licántropo Berserker', 20, 10);
INSERT INTO Monstruo (IdMonstruo, Nombre, Nivel, IdRazaMonstruo) VALUES (37, 'Licántropo Sabio', 20, 10);
INSERT INTO Monstruo (IdMonstruo, Nombre, Nivel, IdRazaMonstruo) VALUES (38, 'Ogro', 6, 4);
INSERT INTO Monstruo (IdMonstruo, Nombre, Nivel, IdRazaMonstruo) VALUES (39, 'Hombre lobo', 7, 10);
INSERT INTO Monstruo (IdMonstruo, Nombre, Nivel, IdRazaMonstruo) VALUES (40, 'Minotauro', 5, 8);
INSERT INTO Monstruo (IdMonstruo, Nombre, Nivel, IdRazaMonstruo) VALUES (41, 'Goblin', 3, 4);
INSERT INTO Monstruo (IdMonstruo, Nombre, Nivel, IdRazaMonstruo) VALUES (42, 'Troll', 6, 4);
INSERT INTO Monstruo (IdMonstruo, Nombre, Nivel, IdRazaMonstruo) VALUES (43, 'Quimera', 9, 6);
INSERT INTO Monstruo (IdMonstruo, Nombre, Nivel, IdRazaMonstruo) VALUES (44, 'Cíclope', 8, 4);
INSERT INTO Monstruo (IdMonstruo, Nombre, Nivel, IdRazaMonstruo) VALUES (45, 'Gárgola', 4, 1);
INSERT INTO Monstruo (IdMonstruo, Nombre, Nivel, IdRazaMonstruo) VALUES (46, 'Dragón', 12, 1);
INSERT INTO Monstruo (IdMonstruo, Nombre, Nivel, IdRazaMonstruo) VALUES (47, 'Kraken', 11, 7);
INSERT INTO Monstruo (IdMonstruo, Nombre, Nivel, IdRazaMonstruo) VALUES (48, 'Quimera de fuego', 10, 6);
INSERT INTO Monstruo (IdMonstruo, Nombre, Nivel, IdRazaMonstruo) VALUES (49, 'Espectro', 7, 9);
INSERT INTO Monstruo (IdMonstruo, Nombre, Nivel, IdRazaMonstruo) VALUES (50, 'Hidra', 9, 4);
INSERT INTO Mision (Nombre, IdMision, Recompensa) VALUES ('Salvar la aldea', 1, '500 monedas de oro');
INSERT INTO Mision (Nombre, IdMision, Recompensa) VALUES ('Recuperar el tesoro', 2, '500 monedas de plata');
INSERT INTO Mision (Nombre, IdMision, Recompensa) VALUES ('Derrotar al dragón', 3, '1000 monedas de oro');
INSERT INTO Mision (Nombre, IdMision, Recompensa) VALUES ('Proteger el reino', 4, '2000 monedas de oro');
INSERT INTO Mision (Nombre, IdMision, Recompensa) VALUES ('Encontrar la piedra filosofal', 5, '3000 monedas de oro');
INSERT INTO Mision (Nombre, IdMision, Recompensa) VALUES ('Rescatar a la princesa', 6, '1000 monedas de oro');
INSERT INTO Mision (Nombre, IdMision, Recompensa) VALUES ('Explorar la cueva', 7, '200 monedas de oro');
INSERT INTO Mision (Nombre, IdMision, Recompensa) VALUES ('Investigar la desaparición de los aldeanos', 8, '500 monedas de oro');
INSERT INTO Mision (Nombre, IdMision, Recompensa) VALUES ('Liberar a los esclavos', 9, '100 monedas de oro');
INSERT INTO Mision (Nombre, IdMision, Recompensa) VALUES ('Descubrir el origen de la maldición', 10, '1000 monedas de oro');
INSERT INTO Mision (Nombre, IdMision, Recompensa) VALUES ('Encontrar la llave del templo', 11, '500 monedas de plata');
INSERT INTO Mision (Nombre, IdMision, Recompensa) VALUES ('Eliminar a la banda de ladrones', 12, '500 monedas de oro');
INSERT INTO Mision (Nombre, IdMision, Recompensa) VALUES ('Descubrir la verdad detrás del asesinato', 13, '1000 monedas de oro');
INSERT INTO Mision (Nombre, IdMision, Recompensa) VALUES ('Conseguir el elixir de la eterna juventud', 14, '3000 monedas de oro');
INSERT INTO Mision (Nombre, IdMision, Recompensa) VALUES ('Probar tu valentía en la arena', 15, '100 monedas de oro');
INSERT INTO Mision (Nombre, IdMision, Recompensa) VALUES ('Negociar un acuerdo de paz', 16, '2000 monedas de oro');
INSERT INTO Mision (Nombre, IdMision, Recompensa) VALUES ('Buscar el amuleto del dios perdido', 17, '1000 monedas de plata');
INSERT INTO Mision (Nombre, IdMision, Recompensa) VALUES ('Restaurar el santuario de la diosa', 18, '500 monedas de oro');
INSERT INTO Mision (Nombre, IdMision, Recompensa) VALUES ('Cazar al lobo solitario', 19, '500 monedas de oro');
INSERT INTO Mision (IdMision, Nombre, Recompensa)VALUES (20, 'Recuperar el tesoro perdido', '1000 monedas');
INSERT INTO Mision (IdMision, Nombre, Recompensa)VALUES (21, 'Salvar al rey', '5000 monedas');
INSERT INTO Mision (IdMision, Nombre, Recompensa)VALUES (22, 'Recoger las gemas mágicas', '2000 monedas');
INSERT INTO Mision (IdMision, Nombre, Recompensa)VALUES (23, 'Investigar el templo abandonado', '1500 monedas');
INSERT INTO Mision (IdMision, Nombre, Recompensa)VALUES (24, 'Cazar al dragón rojo', '10000 monedas');
INSERT INTO Mision (IdMision, Nombre, Recompensa)VALUES (25, 'Salvar a la princesa', '7000 monedas');
INSERT INTO Mision (IdMision, Nombre, Recompensa)VALUES (26, 'Explorar el laberinto', '3000 monedas');
INSERT INTO Mision (IdMision, Nombre, Recompensa)VALUES (27, 'Derrotar al ejército oscuro', '12000 monedas');
INSERT INTO Mision (IdMision, Nombre, Recompensa)VALUES (28, 'Recuperar el amuleto perdido', '2500 monedas');
INSERT INTO Mision (IdMision, Nombre, Recompensa)VALUES (29, 'Defender el castillo', '8000 monedas');
INSERT INTO Mision (IdMision, Nombre, Recompensa)VALUES (30, 'Encontrar el antídoto', '4000 monedas');
INSERT INTO Mision (IdMision, Nombre, Recompensa)VALUES (31, 'Destruir la torre maldita', '15000 monedas');
INSERT INTO Mision (IdMision, Nombre, Recompensa)VALUES (32, 'Rescatar a los rehenes', '6000 monedas');
INSERT INTO Mision (IdMision, Nombre, Recompensa)VALUES (33, 'Recuperar el libro sagrado', '3500 monedas');
INSERT INTO Mision (IdMision, Nombre, Recompensa)VALUES (34, 'Descubrir el secreto del bosque encantado', '9000 monedas');
INSERT INTO Mision (IdMision, Nombre, Recompensa)VALUES (35, 'Explorar la cueva del dragón', '5000 monedas');
INSERT INTO Mision (IdMision, Nombre, Recompensa)VALUES (36, 'Recuperar la espada de la luz', '2000 monedas');
INSERT INTO Mision (IdMision, Nombre, Recompensa)VALUES (37, 'Liberar al pueblo del hechizo', '10000 monedas');
INSERT INTO Mision (IdMision, Nombre, Recompensa)VALUES (38, 'Salvar al reino del invasor', '15000 monedas');
INSERT INTO Mision (IdMision, Nombre, Recompensa) VALUES (39, 'Buscar la espada maldita', 'Una armadura legendaria');
INSERT INTO Mision (IdMision, Nombre, Recompensa) VALUES (40, 'Proteger la aldea de los bandidos', '20 monedas de oro');
INSERT INTO Mision (IdMision, Nombre, Recompensa) VALUES (41, 'Encontrar la fuente de agua', 'Una poción de curación');
INSERT INTO Mision (IdMision, Nombre, Recompensa) VALUES (42, 'Destruir el portal oscuro', 'Un arma mágica');
INSERT INTO Mision (IdMision, Nombre, Recompensa) VALUES (43, 'Salvar al rey cautivo', '30 monedas de oro');
INSERT INTO Mision (IdMision, Nombre, Recompensa) VALUES (44, 'Cazar al monstruo del pantano', 'Un anillo de poder');
INSERT INTO Mision (IdMision, Nombre, Recompensa) VALUES (45, 'Recuperar el pergamino sagrado', 'Un pergamino mágico');
INSERT INTO Mision (IdMision, Nombre, Recompensa) VALUES (46, 'Descubrir el tesoro perdido', '50 monedas de oro');
INSERT INTO Mision (IdMision, Nombre, Recompensa) VALUES (47, 'Encontrar la entrada secreta a la cueva', 'Una llave mágica');
INSERT INTO Mision (IdMision, Nombre, Recompensa) VALUES (48, 'Derrotar al ejército enemigo', 'Una espada de luz');
INSERT INTO Mision (IdMision, Nombre, Recompensa) VALUES (49, 'Desenterrar la tumba de los antepasados', 'Un amuleto de protección');
INSERT INTO Mision (IdMision, Nombre, Recompensa) VALUES (50, 'Salvar a la princesa del dragón', 'Un escudo mágico');
INSERT INTO Habilidad (Nombre, Descripcion, Tipo, IdHabilidad) VALUES ('Ataque Físico', 'Golpea al enemigo con fuerza física', 'Ofensiva', 1);
INSERT INTO Habilidad (Nombre, Descripcion, Tipo, IdHabilidad) VALUES ('Ataque Mágico', 'Lanza un hechizo mágico al enemigo', 'Ofensiva', 2);
INSERT INTO Habilidad (Nombre, Descripcion, Tipo, IdHabilidad) VALUES ('Curación', 'Cura las heridas del aliado', 'Defensiva', 3);
INSERT INTO Habilidad (Nombre, Descripcion, Tipo, IdHabilidad) VALUES ('Robo de Vida', 'Drena la energía vital del enemigo para recuperar salud', 'Ofensiva', 4);
INSERT INTO Habilidad (Nombre, Descripcion, Tipo, IdHabilidad) VALUES ('Defensa', 'Fortalece la defensa del personaje', 'Defensiva', 5);
INSERT INTO Habilidad (Nombre, Descripcion, Tipo, IdHabilidad) VALUES ('Intimidación', 'Asusta al enemigo para reducir su ataque', 'Defensiva', 6);
INSERT INTO Habilidad (Nombre, Descripcion, Tipo, IdHabilidad) VALUES ('Invisibilidad', 'Hace invisible al personaje para evadir ataques', 'Defensiva', 7);
INSERT INTO Habilidad (Nombre, Descripcion, Tipo, IdHabilidad) VALUES ('Ráfaga de Viento', 'Crea una ráfaga de viento que aturde al enemigo', 'Ofensiva', 8);
INSERT INTO Habilidad (Nombre, Descripcion, Tipo, IdHabilidad) VALUES ('Piroquinesis', 'Controla el fuego para dañar al enemigo', 'Ofensiva', 9);
INSERT INTO Habilidad (Nombre, Descripcion, Tipo, IdHabilidad) VALUES ('Cryokinesis', 'Controla el hielo para dañar al enemigo', 'Ofensiva', 10);
INSERT INTO Habilidad (Nombre, Descripcion, Tipo, IdHabilidad) VALUES ('Electroquinesis', 'Controla la electricidad para dañar al enemigo', 'Ofensiva', 11);
INSERT INTO Habilidad (Nombre, Descripcion, Tipo, IdHabilidad) VALUES ('Teletransporte', 'Teletransporta al personaje a un lugar seguro', 'Defensiva', 12);
INSERT INTO Habilidad (Nombre, Descripcion, Tipo, IdHabilidad) VALUES ('Regeneración', 'Regenera la salud del personaje durante varios turnos', 'Defensiva', 13);
INSERT INTO Habilidad (Nombre, Descripcion, Tipo, IdHabilidad) VALUES ('Hipnosis', 'Hipnotiza al enemigo para controlarlo', 'Ofensiva', 14);
INSERT INTO Habilidad (Nombre, Descripcion, Tipo, IdHabilidad) VALUES ('Ralentización', 'Ralentiza al enemigo para reducir su velocidad', 'Defensiva', 15);
INSERT INTO Habilidad (Nombre, Descripcion, Tipo, IdHabilidad) VALUES ('Telequinesis', 'Mueve objetos con la mente para dañar al enemigo', 'Ofensiva', 16);
INSERT INTO Habilidad (Nombre, Descripcion, Tipo, IdHabilidad) VALUES ('Invocación', 'Invoca a un ser para que luche junto al personaje', 'Ofensiva', 17);
INSERT INTO Habilidad (Nombre, Descripcion, Tipo, IdHabilidad) VALUES ('Sanación', 'Cura al objetivo de una cantidad de puntos de vida', 'Curativa', 18);
INSERT INTO Habilidad (Nombre, Descripcion, Tipo, IdHabilidad) VALUES ('Regeneración', 'Permite recuperar puntos de vida gradualmente durante unos segundos', 'Curativa', 19);
INSERT INTO Habilidad (Nombre, Descripcion, Tipo, IdHabilidad) VALUES ('Estallido', 'Causa una gran cantidad de daño a los enemigos cercanos', 'Ofensiva', 20);
INSERT INTO Habilidad (Nombre, Descripcion, Tipo, IdHabilidad) VALUES ('Mordisco', 'Causa daño a un enemigo y cura al usuario una cantidad de vida igual al daño causado', 'Curativa', 21);
INSERT INTO Habilidad (Nombre, Descripcion, Tipo, IdHabilidad) VALUES ('Disparo certero', 'Ataque de rango preciso que causa una cantidad moderada de daño', 'Ofensiva', 22);
INSERT INTO Habilidad (Nombre, Descripcion, Tipo, IdHabilidad) VALUES ('Golpe bajo', 'Ataque rápido y débil que puede interrumpir al objetivo', 'Ofensiva', 23);
INSERT INTO Habilidad (Nombre, Descripcion, Tipo, IdHabilidad) VALUES ('Escudo', 'Crea una barrera que absorbe daño hasta que se rompe', 'Defensiva', 24);
INSERT INTO Habilidad (Nombre, Descripcion, Tipo, IdHabilidad) VALUES ('Esquivar', 'Permite esquivar un ataque enemigo', 'Defensiva', 25);
INSERT INTO Habilidad (Nombre, Descripcion, Tipo, IdHabilidad) VALUES ('Ceguera', 'Deja ciego al enemigo durante unos segundos', 'Debuff', 26);
INSERT INTO Habilidad (Nombre, Descripcion, Tipo, IdHabilidad) VALUES ('Congelar', 'Congela al enemigo durante unos segundos', 'Debuff', 27);
INSERT INTO Habilidad (Nombre, Descripcion, Tipo, IdHabilidad) VALUES ('Envenenamiento', 'Envenena al enemigo durante unos segundos, causando daño gradual', 'Debuff', 28);
INSERT INTO Habilidad (Nombre, Descripcion, Tipo, IdHabilidad) VALUES ('Curación masiva', 'Cura a todos los aliados de una cantidad de vida moderada', 'Curativa', 29);
INSERT INTO Habilidad (Nombre, Descripcion, Tipo, IdHabilidad) VALUES ('Barrera', 'Crea una barrera que protege al usuario de una cantidad de daño', 'Defensiva', 30);
INSERT INTO Habilidad (Nombre, Descripcion, Tipo, IdHabilidad) VALUES ('Fuego', 'Lanza una bola de fuego que causa daño a los enemigos cercanos', 'Ofensiva', 31);
INSERT INTO Habilidad (Nombre, Descripcion, Tipo, IdHabilidad) VALUES ('Hielo', 'Lanza una bola de hielo que ralentiza a los enemigos cercanos', 'Debuff', 32);
INSERT INTO Habilidad (Nombre, Descripcion, Tipo, IdHabilidad) VALUES ('Ataque crítico', 'Ataque potente que tiene una probabilidad de causar un golpe crítico', 'Ofensiva', 33);
INSERT INTO Habilidad (Nombre, Descripcion, Tipo, IdHabilidad) VALUES ('Sanación masiva', 'Permite curar a un grupo de aliados en un área determinada', 'Defensiva', 34);
INSERT INTO Habilidad (Nombre, Descripcion, Tipo, IdHabilidad) VALUES ('Telequinesis', 'Permite mover objetos a distancia mediante la mente', 'Soporte', 35);
INSERT INTO Habilidad (Nombre, Descripcion, Tipo, IdHabilidad) VALUES ('Corte celestial', 'Técnica de espada que canaliza energía divina para causar daño extra a monstruos oscuros', 'Ofensiva', 36);
INSERT INTO Habilidad (Nombre, Descripcion, Tipo, IdHabilidad) VALUES ('Reflejo de sombras', 'Permite crear clones de sombra para confundir al enemigo', 'Defensiva', 37);
INSERT INTO Habilidad (Nombre, Descripcion, Tipo, IdHabilidad) VALUES ('Invisibilidad', 'Permite volverse invisible durante un tiempo limitado', 'Soporte', 38);
INSERT INTO Habilidad (Nombre, Descripcion, Tipo, IdHabilidad) VALUES ('Flechas de hielo', 'Dispara flechas que causan daño de frío y ralentizan al objetivo', 'Ofensiva', 39);
INSERT INTO Habilidad (Nombre, Descripcion, Tipo, IdHabilidad) VALUES ('Luz cegadora', 'Crea un destello de luz brillante que ciega temporalmente a los enemigos', 'Defensiva', 40);
INSERT INTO Habilidad (Nombre, Descripcion, Tipo, IdHabilidad) VALUES ('Control mental', 'Permite tomar control del cuerpo y mente de un objetivo débil', 'Soporte', 41);
INSERT INTO Habilidad (Nombre, Descripcion, Tipo, IdHabilidad) VALUES ('Teletransportación', 'Permite teletransportarse a un lugar conocido', 'Soporte', 42);
INSERT INTO Habilidad (Nombre, Descripcion, Tipo, IdHabilidad) VALUES ('Golpe de magma', 'Golpea al enemigo con una onda de magma ardiente', 'Ofensiva', 43);
INSERT INTO Habilidad (Nombre, Descripcion, Tipo, IdHabilidad) VALUES ('Defensa de espinas', 'Crea una barrera de espinas alrededor del usuario', 'Defensiva', 44);
INSERT INTO Habilidad (Nombre, Descripcion, Tipo, IdHabilidad) VALUES ('Inmunidad al fuego', 'Otorga inmunidad al daño por fuego por un tiempo limitado', 'Defensiva', 45);
INSERT INTO Habilidad (Nombre, Descripcion, Tipo, IdHabilidad) VALUES ('Curación divina', 'Permite curar heridas graves y enfermedades', 'Soporte', 46);
INSERT INTO Habilidad (Nombre, Descripcion, Tipo, IdHabilidad) VALUES ('Mordisco venenoso', 'Muerde al enemigo y lo envenena', 'Ofensiva', 47);
INSERT INTO Habilidad (Nombre, Descripcion, Tipo, IdHabilidad) VALUES ('Escudo de sombras', 'Crea un escudo protector hecho de sombras', 'Defensiva', 48);
INSERT INTO Habilidad (Nombre, Descripcion, Tipo, IdHabilidad) VALUES ('Flecha de hielo', 'Dispara una flecha hecha de hielo', 'Ofensiva', 49);
INSERT INTO Habilidad (Nombre, Descripcion, Tipo, IdHabilidad) VALUES ('Escudo protector', 'Crea un escudo que protege al usuario de ataques enemigos', 'Defensiva', 50);
INSERT INTO MonstruoHabilidad (IdMonstruo, IdHabilidad, Nivel) VALUES (1, 1, 3);
INSERT INTO MonstruoHabilidad (IdMonstruo, IdHabilidad, Nivel) VALUES (1, 2, 1);
INSERT INTO MonstruoHabilidad (IdMonstruo, IdHabilidad, Nivel) VALUES (1, 3, 2);
INSERT INTO MonstruoHabilidad (IdMonstruo, IdHabilidad, Nivel) VALUES (2, 4, 3);
INSERT INTO MonstruoHabilidad (IdMonstruo, IdHabilidad, Nivel) VALUES (2, 5, 1);
INSERT INTO MonstruoHabilidad (IdMonstruo, IdHabilidad, Nivel) VALUES (2, 6, 2);
INSERT INTO MonstruoHabilidad (IdMonstruo, IdHabilidad, Nivel) VALUES (3, 7, 3);
INSERT INTO MonstruoHabilidad (IdMonstruo, IdHabilidad, Nivel) VALUES (3, 8, 1);
INSERT INTO MonstruoHabilidad (IdMonstruo, IdHabilidad, Nivel) VALUES (3, 9, 2);
INSERT INTO MonstruoHabilidad (IdMonstruo, IdHabilidad, Nivel) VALUES (4, 10, 3);
INSERT INTO MonstruoHabilidad (IdMonstruo, IdHabilidad, Nivel) VALUES (4, 11, 1);
INSERT INTO MonstruoHabilidad (IdMonstruo, IdHabilidad, Nivel) VALUES (4, 12, 2);
INSERT INTO MonstruoHabilidad (IdMonstruo, IdHabilidad, Nivel) VALUES (5, 13, 3);
INSERT INTO MonstruoHabilidad (IdMonstruo, IdHabilidad, Nivel) VALUES (5, 14, 1);
INSERT INTO MonstruoHabilidad (IdMonstruo, IdHabilidad, Nivel) VALUES (5, 15, 2);
INSERT INTO MonstruoHabilidad (IdMonstruo, IdHabilidad, Nivel) VALUES (6, 16, 3);
INSERT INTO MonstruoHabilidad (IdMonstruo, IdHabilidad, Nivel) VALUES (6, 17, 1);
INSERT INTO MonstruoHabilidad (IdMonstruo, IdHabilidad, Nivel) VALUES (6, 18, 2);
INSERT INTO MonstruoHabilidad (IdMonstruo, IdHabilidad, Nivel) VALUES (7, 19, 3);
INSERT INTO MonstruoHabilidad (IdMonstruo, IdHabilidad, Nivel) VALUES (7, 20, 1);
INSERT INTO MonstruoHabilidad (IdMonstruo, IdHabilidad, Nivel) VALUES (7, 21, 2);
INSERT INTO MonstruoHabilidad (IdMonstruo, IdHabilidad, Nivel) VALUES (8, 22, 3);
INSERT INTO MonstruoHabilidad (IdMonstruo, IdHabilidad, Nivel) VALUES (8, 1, 1);
INSERT INTO MonstruoHabilidad (IdMonstruo, IdHabilidad, Nivel) VALUES (8, 2, 2);
INSERT INTO MonstruoHabilidad (IdMonstruo, IdHabilidad, Nivel) VALUES (9, 25, 3);
INSERT INTO MonstruoHabilidad (IdMonstruo, IdHabilidad, Nivel) VALUES (1, 26, 1);
INSERT INTO MonstruoHabilidad (IdMonstruo, IdHabilidad, Nivel) VALUES (1, 27, 2);
INSERT INTO MonstruoHabilidad (IdMonstruo, IdHabilidad, Nivel) VALUES (1, 28, 3);
INSERT INTO MonstruoHabilidad (IdMonstruo, IdHabilidad, Nivel) VALUES (1, 29, 4);
INSERT INTO MonstruoHabilidad (IdMonstruo, IdHabilidad, Nivel) VALUES (1, 30, 5);
INSERT INTO MonstruoHabilidad (IdMonstruo, IdHabilidad, Nivel) VALUES (2, 26, 2);
INSERT INTO MonstruoHabilidad (IdMonstruo, IdHabilidad, Nivel) VALUES (2, 27, 3);
INSERT INTO MonstruoHabilidad (IdMonstruo, IdHabilidad, Nivel) VALUES (2, 28, 4);
INSERT INTO MonstruoHabilidad (IdMonstruo, IdHabilidad, Nivel) VALUES (2, 29, 5);
INSERT INTO MonstruoHabilidad (IdMonstruo, IdHabilidad, Nivel) VALUES (2, 30, 1);
INSERT INTO MonstruoHabilidad (IdMonstruo, IdHabilidad, Nivel) VALUES (3, 26, 3);
INSERT INTO MonstruoHabilidad (IdMonstruo, IdHabilidad, Nivel) VALUES (3, 27, 4);
INSERT INTO MonstruoHabilidad (IdMonstruo, IdHabilidad, Nivel) VALUES (3, 28, 5);
INSERT INTO MonstruoHabilidad (IdMonstruo, IdHabilidad, Nivel) VALUES (3, 29, 1);
INSERT INTO MonstruoHabilidad (IdMonstruo, IdHabilidad, Nivel) VALUES (3, 30, 2);
INSERT INTO MonstruoHabilidad (IdMonstruo, IdHabilidad, Nivel) VALUES (4, 26, 4);
INSERT INTO MonstruoHabilidad (IdMonstruo, IdHabilidad, Nivel) VALUES (4, 27, 5);
INSERT INTO MonstruoHabilidad (IdMonstruo, IdHabilidad, Nivel) VALUES (4, 28, 1);
INSERT INTO MonstruoHabilidad (IdMonstruo, IdHabilidad, Nivel) VALUES (4, 29, 2);
INSERT INTO MonstruoHabilidad (IdMonstruo, IdHabilidad, Nivel) VALUES (4, 30, 3);
INSERT INTO MonstruoHabilidad (IdMonstruo, IdHabilidad, Nivel) VALUES (5, 26, 5);
INSERT INTO MonstruoHabilidad (IdMonstruo, IdHabilidad, Nivel) VALUES (5, 27, 1);
INSERT INTO MonstruoHabilidad (IdMonstruo, IdHabilidad, Nivel) VALUES (5, 28, 2);
INSERT INTO MonstruoHabilidad (IdMonstruo, IdHabilidad, Nivel) VALUES (5, 29, 3);
INSERT INTO MonstruoHabilidad (IdMonstruo, IdHabilidad, Nivel) VALUES (6, 42, 3);
INSERT INTO PersonajeHabilidad (IdPersonaje, IdHabilidad, Nivel) VALUES (1, 1, 3);
INSERT INTO PersonajeHabilidad (IdPersonaje, IdHabilidad, Nivel) VALUES (1, 2, 1);
INSERT INTO PersonajeHabilidad (IdPersonaje, IdHabilidad, Nivel) VALUES (1, 3, 2);
INSERT INTO PersonajeHabilidad (IdPersonaje, IdHabilidad, Nivel) VALUES (2, 4, 3);
INSERT INTO PersonajeHabilidad (IdPersonaje, IdHabilidad, Nivel) VALUES (2, 5, 1);
INSERT INTO PersonajeHabilidad (IdPersonaje, IdHabilidad, Nivel) VALUES (2, 6, 2);
INSERT INTO PersonajeHabilidad (IdPersonaje, IdHabilidad, Nivel) VALUES (3, 7, 3);
INSERT INTO PersonajeHabilidad (IdPersonaje, IdHabilidad, Nivel) VALUES (3, 8, 1);
INSERT INTO PersonajeHabilidad (IdPersonaje, IdHabilidad, Nivel) VALUES (3, 9, 2);
INSERT INTO PersonajeHabilidad (IdPersonaje, IdHabilidad, Nivel) VALUES (4, 10, 3);
INSERT INTO PersonajeHabilidad (IdPersonaje, IdHabilidad, Nivel) VALUES (4, 11, 1);
INSERT INTO PersonajeHabilidad (IdPersonaje, IdHabilidad, Nivel) VALUES (4, 12, 2);
INSERT INTO PersonajeHabilidad (IdPersonaje, IdHabilidad, Nivel) VALUES (5, 13, 3);
INSERT INTO PersonajeHabilidad (IdPersonaje, IdHabilidad, Nivel) VALUES (5, 14, 1);
INSERT INTO PersonajeHabilidad (IdPersonaje, IdHabilidad, Nivel) VALUES (5, 15, 2);
INSERT INTO PersonajeHabilidad (IdPersonaje, IdHabilidad, Nivel) VALUES (6, 16, 3);
INSERT INTO PersonajeHabilidad (IdPersonaje, IdHabilidad, Nivel) VALUES (6, 17, 1);
INSERT INTO PersonajeHabilidad (IdPersonaje, IdHabilidad, Nivel) VALUES (6, 18, 2);
INSERT INTO PersonajeHabilidad (IdPersonaje, IdHabilidad, Nivel) VALUES (7, 19, 3);
INSERT INTO PersonajeHabilidad (IdPersonaje, IdHabilidad, Nivel) VALUES (7, 20, 1);
INSERT INTO PersonajeHabilidad (IdPersonaje, IdHabilidad, Nivel) VALUES (7, 21, 2);
INSERT INTO PersonajeHabilidad (IdPersonaje, IdHabilidad, Nivel) VALUES (8, 22, 3);
INSERT INTO PersonajeHabilidad (IdPersonaje, IdHabilidad, Nivel) VALUES (8, 23, 1);
INSERT INTO PersonajeHabilidad (IdPersonaje, IdHabilidad, Nivel) VALUES (8, 24, 2);
INSERT INTO PersonajeHabilidad (IdPersonaje, IdHabilidad, Nivel) VALUES (9, 25, 3);
INSERT INTO PersonajeHabilidad (IdPersonaje, IdHabilidad, Nivel) VALUES (1, 26, 1);
INSERT INTO PersonajeHabilidad (IdPersonaje, IdHabilidad, Nivel) VALUES (1, 27, 2);
INSERT INTO PersonajeHabilidad (IdPersonaje, IdHabilidad, Nivel) VALUES (1, 28, 3);
INSERT INTO PersonajeHabilidad (IdPersonaje, IdHabilidad, Nivel) VALUES (1, 29, 4);
INSERT INTO PersonajeHabilidad (IdPersonaje, IdHabilidad, Nivel) VALUES (1, 30, 5);
INSERT INTO PersonajeHabilidad (IdPersonaje, IdHabilidad, Nivel) VALUES (2, 26, 2);
INSERT INTO PersonajeHabilidad (IdPersonaje, IdHabilidad, Nivel) VALUES (2, 27, 3);
INSERT INTO PersonajeHabilidad (IdPersonaje, IdHabilidad, Nivel) VALUES (2, 28, 4);
INSERT INTO PersonajeHabilidad (IdPersonaje, IdHabilidad, Nivel) VALUES (2, 29, 5);
INSERT INTO PersonajeHabilidad (IdPersonaje, IdHabilidad, Nivel) VALUES (2, 30, 1);
INSERT INTO PersonajeHabilidad (IdPersonaje, IdHabilidad, Nivel) VALUES (3, 26, 3);
INSERT INTO PersonajeHabilidad (IdPersonaje, IdHabilidad, Nivel) VALUES (3, 27, 4);
INSERT INTO PersonajeHabilidad (IdPersonaje, IdHabilidad, Nivel) VALUES (3, 28, 5);
INSERT INTO PersonajeHabilidad (IdPersonaje, IdHabilidad, Nivel) VALUES (3, 29, 1);
INSERT INTO PersonajeHabilidad (IdPersonaje, IdHabilidad, Nivel) VALUES (3, 30, 2);
INSERT INTO PersonajeHabilidad (IdPersonaje, IdHabilidad, Nivel) VALUES (4, 26, 4);
INSERT INTO PersonajeHabilidad (IdPersonaje, IdHabilidad, Nivel) VALUES (4, 27, 5);
INSERT INTO PersonajeHabilidad (IdPersonaje, IdHabilidad, Nivel) VALUES (4, 28, 1);
INSERT INTO PersonajeHabilidad (IdPersonaje, IdHabilidad, Nivel) VALUES (4, 29, 2);
INSERT INTO PersonajeHabilidad (IdPersonaje, IdHabilidad, Nivel) VALUES (4, 30, 3);
INSERT INTO PersonajeHabilidad (IdPersonaje, IdHabilidad, Nivel) VALUES (5, 26, 5);
INSERT INTO PersonajeHabilidad (IdPersonaje, IdHabilidad, Nivel) VALUES (5, 27, 1);
INSERT INTO PersonajeHabilidad (IdPersonaje, IdHabilidad, Nivel) VALUES (5, 28, 2);
INSERT INTO PersonajeHabilidad (IdPersonaje, IdHabilidad, Nivel) VALUES (5, 29, 3);
INSERT INTO PersonajeHabilidad (IdPersonaje, IdHabilidad, Nivel) VALUES (6, 42, 3);
INSERT INTO Objetivos (IdObjetivo, Nombre, Descripcion, Dificultad, Progreso, Estado) VALUES (1, 'Derrotar al jefe final', 'Vencer al jefe final de la mazmorra', 10, 0, 'No iniciado');
INSERT INTO Objetivos (IdObjetivo, Nombre, Descripcion, Dificultad, Progreso, Estado) VALUES (2, 'Recoger 50 objetos raros', 'Reunir 50 objetos raros para conseguir una recompensa', 7, 20, 'En progreso');
INSERT INTO Objetivos (IdObjetivo, Nombre, Descripcion, Dificultad, Progreso, Estado) VALUES (3, 'Alcanzar el nivel 100', 'Subir de nivel hasta llegar al máximo', 8, 70, 'En progreso');
INSERT INTO Objetivos (IdObjetivo, Nombre, Descripcion, Dificultad, Progreso, Estado) VALUES (4, 'Explorar todas las regiones', 'Descubrir y recorrer todas las regiones del mapa', 9, 5, 'En progreso');
INSERT INTO Objetivos (IdObjetivo, Nombre, Descripcion, Dificultad, Progreso, Estado) VALUES (5, 'Conseguir el mejor equipamiento', 'Obtener las mejores armas y armaduras del juego', 10, 0, 'No iniciado');
INSERT INTO Objetivos (IdObjetivo, Nombre, Descripcion, Dificultad, Progreso, Estado) VALUES (6, 'Ganar 100 combates', 'Ganar 100 batallas contra otros jugadores', 6, 85, 'En progreso');
INSERT INTO Objetivos (IdObjetivo, Nombre, Descripcion, Dificultad, Progreso, Estado) VALUES (7, 'Realizar todas las misiones', 'Completar todas las misiones del juego', 9, 35, 'En progreso');
INSERT INTO Objetivos (IdObjetivo, Nombre, Descripcion, Dificultad, Progreso, Estado) VALUES (8, 'Vencer a todos los jefes', 'Derrotar a todos los jefes del juego', 9, 15, 'En progreso');
INSERT INTO Objetivos (IdObjetivo, Nombre, Descripcion, Dificultad, Progreso, Estado) VALUES (9, 'Desbloquear todas las habilidades', 'Desbloquear todas las habilidades del personaje', 8, 50, 'En progreso');
INSERT INTO Objetivos (IdObjetivo, Nombre, Descripcion, Dificultad, Progreso, Estado) VALUES (10, 'Ganar una partida clasificatoria', 'Ganar una partida clasificatoria en línea', 7, 0, 'No iniciado');
INSERT INTO Objetivos (IdObjetivo, Nombre, Descripcion, Dificultad, Progreso, Estado) VALUES (11, 'Ser el mejor jugador', 'Alcanzar el primer puesto en el ranking global', 10, 0, 'No iniciado');
INSERT INTO Objetivos (IdObjetivo, Nombre, Descripcion, Dificultad, Progreso, Estado) VALUES (12, 'Crear una alianza', 'Formar una alianza con otros jugadores', 6, 0, 'No iniciado');
INSERT INTO Objetivos (IdObjetivo, Nombre, Descripcion, Dificultad, Progreso, Estado) VALUES (13, 'Matar al jefe de la mazmorra', 'Acaba con el jefe de la mazmorra y obtén su tesoro', 8, 0, 'En progreso');
INSERT INTO Objetivos (IdObjetivo, Nombre, Descripcion, Dificultad, Progreso, Estado) VALUES (14, 'Recoger 20 pieles de lobo', 'Consigue 20 pieles de lobo para el mercader', 5, 0, 'No iniciado');
INSERT INTO Objetivos (IdObjetivo, Nombre, Descripcion, Dificultad, Progreso, Estado) VALUES (15, 'Encontrar el tesoro perdido', 'Descubre el tesoro perdido en la montaña', 7, 0, 'No iniciado');
INSERT INTO Objetivos (IdObjetivo, Nombre, Descripcion, Dificultad, Progreso, Estado) VALUES (16, 'Recolectar 100 flores', 'Recoge 100 flores para el alquimista', 4, 0, 'No iniciado');
INSERT INTO Objetivos (IdObjetivo, Nombre, Descripcion, Dificultad, Progreso, Estado) VALUES (17, 'Eliminar a los bandidos del camino', 'Acaba con los bandidos que atacan a los viajeros', 6, 0, 'No iniciado');
INSERT INTO Objetivos (IdObjetivo, Nombre, Descripcion, Dificultad, Progreso, Estado) VALUES (18, 'Encontrar la llave de la torre', 'Encuentra la llave de la torre abandonada', 5, 0, 'No iniciado');
INSERT INTO Objetivos (IdObjetivo, Nombre, Descripcion, Dificultad, Progreso, Estado) VALUES (19, 'Derrotar al gigante de la montaña', 'Acaba con el gigante de la montaña que atemoriza al pueblo', 9, 0, 'No iniciado');
INSERT INTO Objetivos (IdObjetivo, Nombre, Descripcion, Dificultad, Progreso, Estado) VALUES (20, 'Rescatar al prisionero', 'Libera al prisionero de la cárcel enemiga', 8, 0, 'No iniciado');
INSERT INTO Objetivos (IdObjetivo, Nombre, Descripcion, Dificultad, Progreso, Estado) VALUES (21, 'Buscar la planta rara', 'Encuentra la planta rara que necesita el botánico', 6, 0, 'No iniciado');
INSERT INTO Objetivos (IdObjetivo, Nombre, Descripcion, Dificultad, Progreso, Estado) VALUES (22, 'Recoger 50 minerales', 'Consigue 50 minerales para el herrero', 5, 0, 'No iniciado');
INSERT INTO Objetivos (IdObjetivo, Nombre, Descripcion, Dificultad, Progreso, Estado) VALUES (23, 'Encontrar al desaparecido', 'Encuentra al desaparecido en el bosque', 6, 0, 'No iniciado');
INSERT INTO Objetivos (IdObjetivo, Nombre, Descripcion, Dificultad, Progreso, Estado) VALUES (24, 'Dominar la técnica del lanzamiento de cuchillos', 'Aprender la técnica del lanzamiento de cuchillos para mejorar el combate a distancia', 7, 0, 'En progreso');
INSERT INTO Objetivos (IdObjetivo, Nombre, Descripcion, Dificultad, Progreso, Estado) VALUES (25, 'Reparar la armadura', 'Arreglar la armadura para mejorar la defensa en combate', 6, 0, 'No iniciado');
INSERT INTO Objetivos (IdObjetivo, Nombre, Descripcion, Dificultad, Progreso, Estado) VALUES (26, 'Encontrar el tesoro escondido', 'Buscar y encontrar el tesoro escondido en la cueva del bosque', 9, 0, 'No iniciado');
INSERT INTO Objetivos (IdObjetivo, Nombre, Descripcion, Dificultad, Progreso, Estado) VALUES (27, 'Destruir el nido de goblins', 'Eliminar el nido de goblins que se encuentra en la cueva del bosque', 8, 0, 'En progreso');
INSERT INTO Objetivos (IdObjetivo, Nombre, Descripcion, Dificultad, Progreso, Estado) VALUES (28, 'Aprender a leer runas antiguas', 'Estudiar y aprender a leer runas antiguas para descifrar los escritos de los antiguos', 10, 0, 'No iniciado');
INSERT INTO Objetivos (IdObjetivo, Nombre, Descripcion, Dificultad, Progreso, Estado) VALUES (29, 'Derrotar al dragón de la montaña', 'Enfrentarse al temido dragón que vive en la cima de la montaña', 10, 0, 'No iniciado');
INSERT INTO Objetivos (IdObjetivo, Nombre, Descripcion, Dificultad, Progreso, Estado) VALUES (30, 'Buscar la hierba de curación', 'Encontrar la hierba de curación para sanar a los enfermos de la aldea', 6, 0, 'En progreso');
INSERT INTO Objetivos (IdObjetivo, Nombre, Descripcion, Dificultad, Progreso, Estado) VALUES (31, 'Entrenar con el maestro de la espada', 'Entrenar con el maestro de la espada para mejorar la técnica en combate', 7, 0, 'En progreso');
INSERT INTO Objetivos (IdObjetivo, Nombre, Descripcion, Dificultad, Progreso, Estado) VALUES (32, 'Construir una casa en el bosque', 'Construir una casa en el bosque para vivir alejado de la ciudad', 8, 0, 'No iniciado');
INSERT INTO Objetivos (IdObjetivo, Nombre, Descripcion, Dificultad, Progreso, Estado) VALUES (33, 'Investigar el misterioso castillo', 'Investigar el misterioso castillo abandonado en las afueras de la ciudad', 9, 0, 'No iniciado');
INSERT INTO Objetivos (IdObjetivo, Nombre, Descripcion, Dificultad, Progreso, Estado) VALUES (34, 'Objetivo 34', 'Descripcion del objetivo 34', 5, 0, 'No iniciado');
INSERT INTO Objetivos (IdObjetivo, Nombre, Descripcion, Dificultad, Progreso, Estado) VALUES (35, 'Objetivo 35', 'Descripcion del objetivo 35', 2, 0, 'No iniciado');
INSERT INTO Objetivos (IdObjetivo, Nombre, Descripcion, Dificultad, Progreso, Estado) VALUES (36, 'Objetivo 36', 'Descripcion del objetivo 36', 7, 0, 'No iniciado');
INSERT INTO Objetivos (IdObjetivo, Nombre, Descripcion, Dificultad, Progreso, Estado) VALUES (37, 'Objetivo 37', 'Descripcion del objetivo 37', 1, 0, 'No iniciado');
INSERT INTO Objetivos (IdObjetivo, Nombre, Descripcion, Dificultad, Progreso, Estado) VALUES (38, 'Objetivo 38', 'Descripcion del objetivo 38', 9, 0, 'No iniciado');
INSERT INTO Objetivos (IdObjetivo, Nombre, Descripcion, Dificultad, Progreso, Estado) VALUES (39, 'Objetivo 39', 'Descripcion del objetivo 39', 3, 0, 'No iniciado');
INSERT INTO Objetivos (IdObjetivo, Nombre, Descripcion, Dificultad, Progreso, Estado) VALUES (40, 'Objetivo 40', 'Descripcion del objetivo 40', 8, 0, 'No iniciado');
INSERT INTO Objetivos (IdObjetivo, Nombre, Descripcion, Dificultad, Progreso, Estado) VALUES (41, 'Objetivo 41', 'Descripcion del objetivo 41', 4, 0, 'No iniciado');
INSERT INTO Objetivos (IdObjetivo, Nombre, Descripcion, Dificultad, Progreso, Estado) VALUES (42, 'Objetivo 42', 'Descripcion del objetivo 42', 6, 0, 'No iniciado');
INSERT INTO Objetivos (IdObjetivo, Nombre, Descripcion, Dificultad, Progreso, Estado) VALUES (43, 'Objetivo 43', 'Descripcion del objetivo 43', 10, 0, 'No iniciado');
INSERT INTO Objetivos (IdObjetivo, Nombre, Descripcion, Dificultad, Progreso, Estado) VALUES (44, 'Objetivo 44', 'Descripcion del objetivo 44', 2, 0, 'No iniciado');
INSERT INTO Objetivos (IdObjetivo, Nombre, Descripcion, Dificultad, Progreso, Estado) VALUES (45, 'Objetivo 45', 'Descripcion del objetivo 45', 8, 0, 'No iniciado');
INSERT INTO Objetivos (IdObjetivo, Nombre, Descripcion, Dificultad, Progreso, Estado) VALUES (46, 'Objetivo 46', 'Descripcion del objetivo 46', 1, 0, 'No iniciado');
INSERT INTO Objetivos (IdObjetivo, Nombre, Descripcion, Dificultad, Progreso, Estado) VALUES (47, 'Aprender un nuevo idioma', 'Iniciar un curso en línea de inglés', 5, 20, 'En progreso');
INSERT INTO Objetivos (IdObjetivo, Nombre, Descripcion, Dificultad, Progreso, Estado) VALUES (48, 'Hacer ejercicio regularmente', 'Ir al gimnasio 3 veces por semana', 3, 10, 'En progreso');
INSERT INTO Objetivos (IdObjetivo, Nombre, Descripcion, Dificultad, Progreso, Estado) VALUES (49, 'Aprender a cocinar platos italianos', 'Tomar un curso en línea de cocina italiana', 6, 100, 'Completo');
INSERT INTO Objetivos (IdObjetivo, Nombre, Descripcion, Dificultad, Progreso, Estado) VALUES (50, 'Leer un libro cada mes', 'Leer "Los Miserables" de Victor Hugo', 2, 5, 'En progreso');
INSERT INTO Clase (IdClase, Nombre) VALUES (1, 'Guerrero');
INSERT INTO Clase (IdClase, Nombre) VALUES (2, 'Mago');
INSERT INTO Clase (IdClase, Nombre) VALUES (3, 'Cazador');
INSERT INTO Clase (IdClase, Nombre) VALUES (4, 'Paladín');
INSERT INTO Clase (IdClase, Nombre) VALUES (5, 'Sacerdote');
INSERT INTO Clase (IdClase, Nombre) VALUES (6, 'Ladrón');
INSERT INTO Clase (IdClase, Nombre) VALUES (7, 'Chamán');
INSERT INTO Clase (IdClase, Nombre) VALUES (8, 'Brujo');
INSERT INTO Clase (IdClase, Nombre) VALUES (9, 'Caballero de la Muerte');
INSERT INTO Clase (IdClase, Nombre) VALUES (10, 'Monje');
INSERT INTO Clase (IdClase, Nombre) VALUES (11, 'Cazador de Demonios');
INSERT INTO Clase (IdClase, Nombre) VALUES (12, 'Nigromante');
INSERT INTO Clase (IdClase, Nombre) VALUES (13, 'Bárbaro');
INSERT INTO Clase (IdClase, Nombre) VALUES (14, 'Ninja');
INSERT INTO Clase (IdClase, Nombre) VALUES (15, 'Pirata');
INSERT INTO Clase (IdClase, Nombre) VALUES (16, 'Samurai');
INSERT INTO Clase (IdClase, Nombre) VALUES (17, 'Médico');
INSERT INTO Clase (IdClase, Nombre) VALUES (18, 'Ingeniero');
INSERT INTO Clase (IdClase, Nombre) VALUES (19, 'Científico');
INSERT INTO Clase (IdClase, Nombre) VALUES (20, 'Druida');
INSERT INTO Clase (IdClase, Nombre) VALUES (21, 'Paladín Oscuro');
INSERT INTO Clase (IdClase, Nombre) VALUES (22, 'Bardo');
INSERT INTO Clase (IdClase, Nombre) VALUES (23, 'Adivino');
INSERT INTO Clase (IdClase, Nombre) VALUES (24, 'Artista Marcial');
INSERT INTO Clase (IdClase, Nombre) VALUES (25, 'Guardián');
INSERT INTO Clase (IdClase, Nombre) VALUES (26, 'Elementalista');
INSERT INTO Clase (IdClase, Nombre) VALUES (27, 'Psíquico');
INSERT INTO Clase (IdClase, Nombre) VALUES (28, 'Especialista en Venenos');
INSERT INTO Clase (IdClase, Nombre) VALUES (29, 'Asesino');
INSERT INTO Clase (IdClase, Nombre) VALUES (30, 'Cazador de Bestias');
INSERT INTO Clase (IdClase, Nombre) VALUES (31, 'Cazador de Demonios');
INSERT INTO Clase (IdClase, Nombre) VALUES (32, 'Bardo');
INSERT INTO Clase (IdClase, Nombre) VALUES (33, 'Mago del Hielo');
INSERT INTO Clase (IdClase, Nombre) VALUES (34, 'Nigromante');
INSERT INTO Clase (IdClase, Nombre) VALUES (35, 'Ingeniero');
INSERT INTO Clase (IdClase, Nombre) VALUES (36, 'Sacerdote');
INSERT INTO Clase (IdClase, Nombre) VALUES (37, 'Vikingo');
INSERT INTO Clase (IdClase, Nombre) VALUES (38, 'Ninja');
INSERT INTO Clase (IdClase, Nombre) VALUES (39, 'Médico');
INSERT INTO Clase (IdClase, Nombre) VALUES (40, 'Cazador');
INSERT INTO Clase (IdClase, Nombre) VALUES (41, 'Cazador de Dragones');
INSERT INTO Clase (IdClase, Nombre) VALUES (42, 'Elementalista');
INSERT INTO Clase (IdClase, Nombre) VALUES (43, 'Paladín');
INSERT INTO Clase (IdClase, Nombre) VALUES (44, 'Asesino');
INSERT INTO Clase (IdClase, Nombre) VALUES (45, 'Bandido');
INSERT INTO Clase (IdClase, Nombre) VALUES (46, 'Arquero');
INSERT INTO Clase (IdClase, Nombre) VALUES (47, 'Espadachín');
INSERT INTO Clase (IdClase, Nombre) VALUES (48, 'Monje');
INSERT INTO Clase (IdClase, Nombre) VALUES (49, 'Guardián');
INSERT INTO Clase (IdClase, Nombre) VALUES (50, 'Caballero Oscuro');
INSERT INTO Mascota (IdMascota, Nombre, Tipo, Nivel, IdPersonaje) VALUES (1, 'Fido', 'Perro', 5, 2);
INSERT INTO Mascota (IdMascota, Nombre, Tipo, Nivel, IdPersonaje) VALUES (2, 'Mittens', 'Gato', 3, 1);
INSERT INTO Mascota (IdMascota, Nombre, Tipo, Nivel, IdPersonaje) VALUES (3, 'Buddy', 'Perro', 7, 3);
INSERT INTO Mascota (IdMascota, Nombre, Tipo, Nivel, IdPersonaje) VALUES (4, 'Fluffy', 'Gato', 2, 5);
INSERT INTO Mascota (IdMascota, Nombre, Tipo, Nivel, IdPersonaje) VALUES (5, 'Max', 'Perro', 6, 4);
INSERT INTO Mascota (IdMascota, Nombre, Tipo, Nivel, IdPersonaje) VALUES (6, 'Simba', 'León', 10, 6);
INSERT INTO Mascota (IdMascota, Nombre, Tipo, Nivel, IdPersonaje) VALUES (7, 'Scooby', 'Perro', 8, 7);
INSERT INTO Mascota (IdMascota, Nombre, Tipo, Nivel, IdPersonaje) VALUES (8, 'Whiskers', 'Gato', 4, 8);
INSERT INTO Mascota (IdMascota, Nombre, Tipo, Nivel, IdPersonaje) VALUES (9, 'Bolt', 'Perro', 9, 10);
INSERT INTO Mascota (IdMascota, Nombre, Tipo, Nivel, IdPersonaje) VALUES (10, 'Shadow', 'Gato', 6, 9);
INSERT INTO Mascota (IdMascota, Nombre, Tipo, Nivel, IdPersonaje) VALUES (11, 'Rocky', 'Roca', 2, 11);
INSERT INTO Mascota (IdMascota, Nombre, Tipo, Nivel, IdPersonaje) VALUES (12, 'Lily', 'Flor', 4, 12);
INSERT INTO Mascota (IdMascota, Nombre, Tipo, Nivel, IdPersonaje) VALUES (13, 'Ziggy', 'Loro', 3, 13);
INSERT INTO Mascota (IdMascota, Nombre, Tipo, Nivel, IdPersonaje) VALUES (14, 'Charlie', 'Perro', 5, 14);
INSERT INTO Mascota (IdMascota, Nombre, Tipo, Nivel, IdPersonaje) VALUES (15, 'Salem', 'Gato', 4, 15);
INSERT INTO Mascota (IdMascota, Nombre, Tipo, Nivel, IdPersonaje) VALUES (16, 'Perry', 'Ornitorrinco', 7, 16);
INSERT INTO Mascota (IdMascota, Nombre, Tipo, Nivel, IdPersonaje) VALUES (17, 'Toby', 'Perro', 6, 17);
INSERT INTO Mascota (IdMascota, Nombre, Tipo, Nivel, IdPersonaje) VALUES (18, 'Jinx', 'Gato', 5, 18);
INSERT INTO Mascota (IdMascota, Nombre, Tipo, Nivel, IdPersonaje) VALUES (19, 'Boots', 'Gato', 3, 20);
INSERT INTO Mascota (IdMascota, Nombre, Tipo, Nivel, IdPersonaje) VALUES (20, 'Max', 'Perro', 5, 2);
INSERT INTO Mascota (IdMascota, Nombre, Tipo, Nivel, IdPersonaje) VALUES (21, 'Nemo', 'Pez', 3, 3);
INSERT INTO Mascota (IdMascota, Nombre, Tipo, Nivel, IdPersonaje) VALUES (22, 'Fluffy', 'Gato', 2, 1);
INSERT INTO Mascota (IdMascota, Nombre, Tipo, Nivel, IdPersonaje) VALUES (23, 'Spike', 'Perro', 4, 4);
INSERT INTO Mascota (IdMascota, Nombre, Tipo, Nivel, IdPersonaje) VALUES (24, 'Cotton', 'Conejo', 1, 5);
INSERT INTO Mascota (IdMascota, Nombre, Tipo, Nivel, IdPersonaje) VALUES (25, 'Toby', 'Perro', 2, 6);
INSERT INTO Mascota (IdMascota, Nombre, Tipo, Nivel, IdPersonaje) VALUES (26, 'Buddy', 'Perro', 6, 7);
INSERT INTO Mascota (IdMascota, Nombre, Tipo, Nivel, IdPersonaje) VALUES (27, 'Rocky', 'Tortuga', 3, 8);
INSERT INTO Mascota (IdMascota, Nombre, Tipo, Nivel, IdPersonaje) VALUES (28, 'Mimi', 'Gato', 1, 9);
INSERT INTO Mascota (IdMascota, Nombre, Tipo, Nivel, IdPersonaje) VALUES (29, 'Luna', 'Perro', 2, 10);
INSERT INTO Mascota (IdMascota, Nombre, Tipo, Nivel, IdPersonaje) VALUES (30, 'Rex', 'Perro', 3, 11);
INSERT INTO Mascota (IdMascota, Nombre, Tipo, Nivel, IdPersonaje) VALUES (31, 'Coco', 'Gato', 2, 12);
INSERT INTO Mascota (IdMascota, Nombre, Tipo, Nivel, IdPersonaje) VALUES (32, 'Sasha', 'Perro', 4, 13);
INSERT INTO Mascota (IdMascota, Nombre, Tipo, Nivel, IdPersonaje) VALUES (33, 'Simba', 'León', 5, 14);
INSERT INTO Mascota (IdMascota, Nombre, Tipo, Nivel, IdPersonaje) VALUES (34, 'Ginger', 'Gato', 1, 15);
INSERT INTO Mascota (IdMascota, Nombre, Tipo, Nivel, IdPersonaje) VALUES (35, 'Fido', 'Perro', 3, 16);
INSERT INTO Mascota (IdMascota, Nombre, Tipo, Nivel, IdPersonaje) VALUES (36, 'Kiki', 'Gato', 2, 17);
INSERT INTO Mascota (IdMascota, Nombre, Tipo, Nivel, IdPersonaje) VALUES (37, 'Rufus', 'Perro', 4, 18);
INSERT INTO Mascota (IdMascota, Nombre, Tipo, Nivel, IdPersonaje) VALUES (38, 'Mittens', 'Gato', 1, 19);
INSERT INTO Mascota (IdMascota, Nombre, Tipo, Nivel, IdPersonaje) VALUES (39, 'Lupita', 'Lobo', 10, 14);
INSERT INTO Mascota (IdMascota, Nombre, Tipo, Nivel, IdPersonaje) VALUES (40, 'Hermes', 'Halcón', 8, 15);
INSERT INTO Mascota (IdMascota, Nombre, Tipo, Nivel, IdPersonaje) VALUES (41, 'Bastet', 'Gato', 12, 17);
INSERT INTO Mascota (IdMascota, Nombre, Tipo, Nivel, IdPersonaje) VALUES (42, 'Anubis', 'Perro', 6, 19);
INSERT INTO Mascota (IdMascota, Nombre, Tipo, Nivel, IdPersonaje) VALUES (43, 'Seth', 'Serpiente', 11, 20);
INSERT INTO Mascota (IdMascota, Nombre, Tipo, Nivel, IdPersonaje) VALUES (44, 'Epona', 'Caballo', 14, 22);
INSERT INTO Mascota (IdMascota, Nombre, Tipo, Nivel, IdPersonaje) VALUES (45, 'Kazumi', 'Zorro', 9, 23);
INSERT INTO Mascota (IdMascota, Nombre, Tipo, Nivel, IdPersonaje) VALUES (46, 'Simba', 'León', 12, 26);
INSERT INTO Mascota (IdMascota, Nombre, Tipo, Nivel, IdPersonaje) VALUES (47, 'Molly', 'Gato', 5, 27);
INSERT INTO Mascota (IdMascota, Nombre, Tipo, Nivel, IdPersonaje) VALUES (48, 'Jasón', 'Cerbero', 20, 30);
INSERT INTO Mascota (IdMascota, Nombre, Tipo, Nivel, IdPersonaje) VALUES (49, 'Morgana', 'Cuervo', 11, 32);
INSERT INTO Mascota (IdMascota, Nombre, Tipo, Nivel, IdPersonaje) VALUES (50, 'Tiamat', 'Dragón', 18, 33);
INSERT INTO Objeto (IdPersonaje, Nombre, Descripcion, Tipo, Cantidad)VALUES (1, 'Espada de fuego', 'Una espada encantada con el poder del fuego', 'Arma', 1);
INSERT INTO Objeto (IdPersonaje, Nombre, Descripcion, Tipo, Cantidad)VALUES (1, 'Poción de curación', 'Una poción que restaura la salud del personaje', 'Consumible', 5);
INSERT INTO Objeto (IdPersonaje, Nombre, Descripcion, Tipo, Cantidad)VALUES (2, 'Vara de hielo', 'Una vara mágica que invoca poderosos hechizos de hielo', 'Arma', 1);
INSERT INTO Objeto (IdPersonaje, Nombre, Descripcion, Tipo, Cantidad)VALUES (2, 'Pergamino de teletransporte', 'Un pergamino que permite al personaje teletransportarse a un lugar cercano', 'Consumible', 2);
INSERT INTO Objeto (IdPersonaje, Nombre, Descripcion, Tipo, Cantidad)VALUES (3, 'Armadura de mithril', 'Una armadura ligera y resistente hecha de mithril', 'Armadura', 1);
INSERT INTO Objeto (IdPersonaje, Nombre, Descripcion, Tipo, Cantidad)VALUES (3, 'Poción de velocidad', 'Una poción que aumenta la velocidad del personaje', 'Consumible', 3);
INSERT INTO Objeto (IdPersonaje, Nombre, Descripcion, Tipo, Cantidad)VALUES (4, 'Arco élfico', 'Un arco elegante y preciso hecho por los elfos', 'Arma', 1);
INSERT INTO Objeto (IdPersonaje, Nombre, Descripcion, Tipo, Cantidad)VALUES (4, 'Flechas de plata', 'Flechas hechas de plata que infligen daño extra a los no muertos', 'Munición', 20);
INSERT INTO Objeto (IdPersonaje, Nombre, Descripcion, Tipo, Cantidad)VALUES (5, 'Bastón de luz', 'Un bastón que emite una luz cegadora que daña a los enemigos', 'Arma', 1);
INSERT INTO Objeto (IdPersonaje, Nombre, Descripcion, Tipo, Cantidad)VALUES (5, 'Poción de invisibilidad', 'Una poción que hace invisible al personaje por un tiempo limitado', 'Consumible', 1);
INSERT INTO Objeto (IdPersonaje, Nombre, Descripcion, Tipo, Cantidad)VALUES (6, 'Escudo de hierro', 'Un escudo pesado hecho de hierro', 'Armadura', 1);
INSERT INTO Objeto (IdPersonaje, Nombre, Descripcion, Tipo, Cantidad)VALUES (6, 'Poción de fuerza', 'Una poción que aumenta la fuerza del personaje', 'Consumible', 4);
INSERT INTO Objeto (IdPersonaje, Nombre, Descripcion, Tipo, Cantidad)VALUES (7, 'Espada de luz', 'Una espada sagrada que emite una luz brillante que daña a los enemigos oscuros', 'Arma', 1);
INSERT INTO Objeto (IdPersonaje, Nombre, Descripcion, Tipo, Cantidad) VALUES (3, 'Poción de salud superior', 'Restaura 500 puntos de salud', 'Poción', 10);
INSERT INTO Objeto (IdPersonaje, Nombre, Descripcion, Tipo, Cantidad) VALUES (4, 'Espada de ébano', 'Una espada hecha de ébano de gran calidad', 'Arma', 1);
INSERT INTO Objeto (IdPersonaje, Nombre, Descripcion, Tipo, Cantidad) VALUES (1, 'Vara de fuego', 'Una vara mágica que lanza bolas de fuego', 'Arma', 1);
INSERT INTO Objeto (IdPersonaje, Nombre, Descripcion, Tipo, Cantidad) VALUES (2, 'Botas de velocidad', 'Botas que aumentan la velocidad de su portador', 'Equipo', 1);
INSERT INTO Objeto (IdPersonaje, Nombre, Descripcion, Tipo, Cantidad) VALUES (5, 'Anillo de protección', 'Un anillo que aumenta la defensa de su portador', 'Equipo', 1);
INSERT INTO Objeto (IdPersonaje, Nombre, Descripcion, Tipo, Cantidad) VALUES (1, 'Cetro de hielo', 'Un cetro mágico que lanza rayos de hielo', 'Arma', 1);
INSERT INTO Objeto (IdPersonaje, Nombre, Descripcion, Tipo, Cantidad) VALUES (3, 'Poción de maná', 'Restaura 200 puntos de maná', 'Poción', 20);
INSERT INTO Objeto (IdPersonaje, Nombre, Descripcion, Tipo, Cantidad) VALUES (2, 'Capa de invisibilidad', 'Una capa que hace invisible a su portador', 'Equipo', 1);
INSERT INTO Objeto (IdPersonaje, Nombre, Descripcion, Tipo, Cantidad) VALUES (4, 'Arco largo', 'Un arco largo para atacar a distancia', 'Arma', 1);
INSERT INTO Objeto (IdPersonaje, Nombre, Descripcion, Tipo, Cantidad) VALUES (5, 'Escudo de hierro', 'Un escudo que aumenta la defensa de su portador', 'Equipo', 1);
INSERT INTO Objeto (IdPersonaje, Nombre, Descripcion, Tipo, Cantidad) VALUES (2, 'Amuleto de la suerte', 'Un amuleto que aumenta la probabilidad de obtener objetos raros', 'Equipo', 1);
INSERT INTO Objeto (IdPersonaje, Nombre, Descripcion, Tipo, Cantidad) VALUES (1, 'Libro de hechizos', 'Un libro que contiene poderosos hechizos', 'Equipo', 1);
INSERT INTO Objeto (IdPersonaje, Nombre, Descripcion, Tipo, Cantidad) VALUES (3, 'Daga envenenada', 'Una daga envenenada que causa daño a lo largo del tiempo', 'Arma', 1);
INSERT INTO Objeto (IdPersonaje, Nombre, Descripcion, Tipo, Cantidad) VALUES (4, 'Botella de aire', 'Una botella que permite respirar bajo el agua', 'Poción', 5);
INSERT INTO Objeto (IdPersonaje, Nombre, Descripcion, Tipo, Cantidad) VALUES (7, 'Botella de veneno', 'Una botella de veneno mortal para envenenar armas', 'Consumible', 3);
INSERT INTO Objeto (IdPersonaje, Nombre, Descripcion, Tipo, Cantidad) VALUES (6, 'Martillo de guerra', 'Un martillo de guerra pesado para golpear enemigos', 'Arma', 1);
INSERT INTO Objeto (IdPersonaje, Nombre, Descripcion, Tipo, Cantidad) VALUES (5, 'Capa de resistencia al fuego', 'Una capa que protege al portador de daño de fuego', 'Equipo', 1);
INSERT INTO Objeto (IdPersonaje, Nombre, Descripcion, Tipo, Cantidad) VALUES (4, 'Dagas gemelas', 'Un par de dagas idénticas para ataques rápidos', 'Arma', 2);
INSERT INTO Objeto (IdPersonaje, Nombre, Descripcion, Tipo, Cantidad) VALUES (10, 'Amuleto de la suerte', 'Un amuleto que aumenta la probabilidad de encontrar objetos raros', 'Equipo', 1);
INSERT INTO Objeto (IdPersonaje, Nombre, Descripcion, Tipo, Cantidad) VALUES (3, 'Capa de camuflaje', 'Una capa que permite al portador camuflarse en el entorno', 'Equipo', 1);
INSERT INTO Objeto (IdPersonaje, Nombre, Descripcion, Tipo, Cantidad) VALUES (1, 'Escudo de madera', 'Un escudo ligero hecho de madera', 'Armadura', 1);
INSERT INTO Objeto (IdPersonaje, Nombre, Descripcion, Tipo, Cantidad) VALUES (7, 'Cetro de trueno', 'Un cetro mágico que lanza rayos de trueno', 'Arma', 1);
INSERT INTO Objeto (IdPersonaje, Nombre, Descripcion, Tipo, Cantidad) VALUES (6, 'Poción de veneno', 'Una poción que envenena a los enemigos', 'Consumible', 5);
INSERT INTO Objeto (IdPersonaje, Nombre, Descripcion, Tipo, Cantidad) VALUES (5, 'Túnica de la sombra', 'Una túnica que permite al portador moverse sigilosamente', 'Equipo', 1);
INSERT INTO Objeto (IdPersonaje, Nombre, Descripcion, Tipo, Cantidad) VALUES (4, 'Martillo de guerra de fuego', 'Un martillo de guerra encantado con el poder del fuego', 'Arma', 1);
INSERT INTO Objeto (IdPersonaje, Nombre, Descripcion, Tipo, Cantidad) VALUES (3, 'Escudo de oro', 'Un escudo resistente hecho de oro', 'Armadura', 1);
INSERT INTO Objeto (IdPersonaje, Nombre, Descripcion, Tipo, Cantidad) VALUES (2, 'Libro de conjuros', 'Un libro con hechizos poderosos', 'Consumible', 1);
INSERT INTO Objeto (IdPersonaje, Nombre, Descripcion, Tipo, Cantidad) VALUES (1, 'Túnica del fuego', 'Una túnica encantada con el poder del fuego', 'Equipo', 1);
INSERT INTO Objeto (IdPersonaje, Nombre, Descripcion, Tipo, Cantidad) VALUES (7, 'Poción de resistencia al fuego', 'Una poción que otorga resistencia al fuego por un tiempo limitado', 'Consumible', 3);
INSERT INTO Objeto (IdPersonaje, Nombre, Descripcion, Tipo, Cantidad) VALUES (6, 'Botas de hierro', 'Botas pesadas hechas de hierro', 'Equipo', 1);
INSERT INTO Objeto (IdPersonaje, Nombre, Descripcion, Tipo, Cantidad) VALUES (5, 'Escudo de luz', 'Un escudo sagrado que protege de los ataques oscuros', 'Armadura', 1);
INSERT INTO Objeto (IdPersonaje, Nombre, Descripcion, Tipo, Cantidad) VALUES (4, 'Pergamino de invocación', 'Un pergamino que invoca a un aliado temporal para el combate', 'Consumible', 2);
INSERT INTO Objeto (IdPersonaje, Nombre, Descripcion, Tipo, Cantidad) VALUES (3, 'Espada de agua', 'Una espada encantada con el poder del agua', 'Arma', 1);
INSERT INTO Objeto (IdPersonaje, Nombre, Descripcion, Tipo, Cantidad) VALUES (2, 'Poción de invisibilidad prolongada', 'Una poción que hace invisible al personaje por un tiempo prolongado', 'Consumible', 1);
INSERT INTO Objeto (IdPersonaje, Nombre, Descripcion, Tipo, Cantidad) VALUES (1, 'Lanza de trueno', 'Una lanza mágica que invoca relámpagos', 'Arma', 1);
INSERT INTO Objeto (IdPersonaje, Nombre, Descripcion, Tipo, Cantidad) VALUES (7, 'Bastón de la naturaleza', 'Un bastón que invoca el poder de la naturaleza', 'Arma', 1);
INSERT INTO Objeto (IdPersonaje, Nombre, Descripcion, Tipo, Cantidad) VALUES (6, 'Poción de resistencia a la magia', 'Una poción que otorga resistencia a la magia por un tiempo limitado', 'Consumible', 3);
INSERT INTO RealizarMision (IdPersonaje, IdMision, IdObjetivo, FechaRealizacion) VALUES (1, 10, 5, DATE '2022-01-01');
INSERT INTO RealizarMision (IdPersonaje, IdMision, IdObjetivo, FechaRealizacion) VALUES (2, 10, 5, DATE '2022-01-01');
INSERT INTO RealizarMision (IdPersonaje, IdMision, IdObjetivo, FechaRealizacion) VALUES (3, 10, 5, DATE '2022-01-01');
INSERT INTO RealizarMision (IdPersonaje, IdMision, IdObjetivo, FechaRealizacion) VALUES (1, 11, 5, DATE '2022-01-02');
INSERT INTO RealizarMision (IdPersonaje, IdMision, IdObjetivo, FechaRealizacion) VALUES (2, 11, 5, DATE '2022-01-02');
INSERT INTO RealizarMision (IdPersonaje, IdMision, IdObjetivo, FechaRealizacion) VALUES (3, 11, 5, DATE '2022-01-02');
INSERT INTO RealizarMision (IdPersonaje, IdMision, IdObjetivo, FechaRealizacion) VALUES (1, 12, 6, DATE '2022-01-03');
INSERT INTO RealizarMision (IdPersonaje, IdMision, IdObjetivo, FechaRealizacion) VALUES (2, 12, 6, DATE '2022-01-03');
INSERT INTO RealizarMision (IdPersonaje, IdMision, IdObjetivo, FechaRealizacion) VALUES (3, 12, 6, DATE '2022-01-03');
INSERT INTO RealizarMision (IdPersonaje, IdMision, IdObjetivo, FechaRealizacion) VALUES (4, 10, 7, DATE '2022-01-04');
INSERT INTO RealizarMision (IdPersonaje, IdMision, IdObjetivo, FechaRealizacion) VALUES (5, 11, 7, DATE '2022-01-04');
INSERT INTO RealizarMision (IdPersonaje, IdMision, IdObjetivo, FechaRealizacion) VALUES (6, 12, 7, DATE '2022-01-04');
INSERT INTO RealizarMision (IdPersonaje, IdMision, IdObjetivo, FechaRealizacion) VALUES (4, 13, 8, DATE '2022-01-05');
INSERT INTO RealizarMision (IdPersonaje, IdMision, IdObjetivo, FechaRealizacion) VALUES (5, 14, 8, DATE '2022-01-05');
INSERT INTO RealizarMision (IdPersonaje, IdMision, IdObjetivo, FechaRealizacion) VALUES (6, 15, 8, DATE '2022-01-05');
INSERT INTO RealizarMision (IdPersonaje, IdMision, IdObjetivo, FechaRealizacion) VALUES (7, 10, 9, DATE '2022-01-06');
INSERT INTO RealizarMision (IdPersonaje, IdMision, IdObjetivo, FechaRealizacion) VALUES (8, 11, 9, DATE '2022-01-06');
INSERT INTO RealizarMision (IdPersonaje, IdMision, IdObjetivo, FechaRealizacion) VALUES (9, 12, 9, DATE '2022-01-06');
INSERT INTO RealizarMision (IdPersonaje, IdMision, IdObjetivo, FechaRealizacion) VALUES (10, 13, 10, DATE '2022-01-07');
INSERT INTO RealizarMision (IdPersonaje, IdMision, IdObjetivo, FechaRealizacion) VALUES (11, 14, 10, DATE '2022-01-07');
INSERT INTO RealizarMision (IdPersonaje, IdMision, IdObjetivo, FechaRealizacion) VALUES (12, 15, 10, DATE '2022-01-07');
INSERT INTO RealizarMision (IdPersonaje, IdMision, IdObjetivo, FechaRealizacion) VALUES (13, 16, 11, DATE '2022-01-08');
INSERT INTO RealizarMision (IdPersonaje, IdMision, IdObjetivo, FechaRealizacion) VALUES (14, 17, 11, DATE '2022-01-08');
INSERT INTO RealizarMision (IdPersonaje, IdMision, IdObjetivo, FechaRealizacion) VALUES (15, 18, 11, DATE '2022-01-08');
INSERT INTO RealizarMision (IdPersonaje, IdMision, IdObjetivo, FechaRealizacion) VALUES (16, 19, 12, DATE '2022-01-09');
INSERT INTO RealizarMision (IdPersonaje, IdMision, IdObjetivo, FechaRealizacion) VALUES (17, 20, 12, DATE '2022-01-09');
INSERT INTO RealizarMision (IdPersonaje, IdMision, IdObjetivo, FechaRealizacion) VALUES (18, 21, 12, DATE '2022-01-09');
INSERT INTO RealizarMision (IdPersonaje, IdMision, IdObjetivo, FechaRealizacion) VALUES (19, 22, 13, DATE '2022-01-10');
INSERT INTO RealizarMision (IdPersonaje, IdMision, IdObjetivo, FechaRealizacion) VALUES (20, 23, 13, DATE '2022-01-10');
INSERT INTO RealizarMision (IdPersonaje, IdMision, IdObjetivo, FechaRealizacion) VALUES (4, 16, 13, DATE '2022-01-10');
INSERT INTO RealizarMision (IdPersonaje, IdMision, IdObjetivo, FechaRealizacion) VALUES (5, 17, 13, DATE '2022-01-10');
INSERT INTO RealizarMision (IdPersonaje, IdMision, IdObjetivo, FechaRealizacion) VALUES (6, 18, 13, DATE '2022-01-10');
INSERT INTO RealizarMision (IdPersonaje, IdMision, IdObjetivo, FechaRealizacion) VALUES (7, 19, 14, DATE '2022-01-11');
INSERT INTO RealizarMision (IdPersonaje, IdMision, IdObjetivo, FechaRealizacion) VALUES (8, 20, 14, DATE '2022-01-11');
INSERT INTO RealizarMision (IdPersonaje, IdMision, IdObjetivo, FechaRealizacion) VALUES (9, 21, 14, DATE '2022-01-11');
INSERT INTO RealizarMision (IdPersonaje, IdMision, IdObjetivo, FechaRealizacion) VALUES (10, 22, 15, DATE '2022-01-12');
INSERT INTO RealizarMision (IdPersonaje, IdMision, IdObjetivo, FechaRealizacion) VALUES (11, 23, 15, DATE '2022-01-12');
INSERT INTO RealizarMision (IdPersonaje, IdMision, IdObjetivo, FechaRealizacion) VALUES (12, 24, 15, DATE '2022-01-12');
INSERT INTO RealizarMision (IdPersonaje, IdMision, IdObjetivo, FechaRealizacion) VALUES (13, 25, 16, DATE '2022-01-13');
INSERT INTO RealizarMision (IdPersonaje, IdMision, IdObjetivo, FechaRealizacion) VALUES (14, 26, 16, DATE '2022-01-13');
INSERT INTO RealizarMision (IdPersonaje, IdMision, IdObjetivo, FechaRealizacion) VALUES (15, 27, 16, DATE '2022-01-13');
INSERT INTO RealizarMision (IdPersonaje, IdMision, IdObjetivo, FechaRealizacion) VALUES (16, 28, 17, DATE '2022-01-14');
INSERT INTO RealizarMision (IdPersonaje, IdMision, IdObjetivo, FechaRealizacion) VALUES (17, 29, 17, DATE '2022-01-14');
INSERT INTO RealizarMision (IdPersonaje, IdMision, IdObjetivo, FechaRealizacion) VALUES (18, 30, 17, DATE '2022-01-14');
INSERT INTO RealizarMision (IdPersonaje, IdMision, IdObjetivo, FechaRealizacion) VALUES (19, 31, 18, DATE '2022-01-15');
INSERT INTO RealizarMision (IdPersonaje, IdMision, IdObjetivo, FechaRealizacion) VALUES (17, 21, 12, DATE '2022-01-09');
INSERT INTO RealizarMision (IdPersonaje, IdMision, IdObjetivo, FechaRealizacion) VALUES (18, 20, 13, DATE '2022-01-10');
INSERT INTO RealizarMision (IdPersonaje, IdMision, IdObjetivo, FechaRealizacion) VALUES (19, 19, 13, DATE '2022-01-10');
INSERT INTO RealizarMision (IdPersonaje, IdMision, IdObjetivo, FechaRealizacion) VALUES (20, 18, 13, DATE '2022-01-10');
INSERT INTO RealizarMision (IdPersonaje, IdMision, IdObjetivo, FechaRealizacion) VALUES (21, 17, 14, DATE '2022-01-11');
INSERT INTO PersonajeMonstruos (IdPersonaje, IdMonstruo, Cantidad) VALUES (1, 10, 1);
INSERT INTO PersonajeMonstruos (IdPersonaje, IdMonstruo, Cantidad) VALUES (2, 1, 5);
INSERT INTO PersonajeMonstruos (IdPersonaje, IdMonstruo, Cantidad) VALUES (2, 2, 2);
INSERT INTO PersonajeMonstruos (IdPersonaje, IdMonstruo, Cantidad) VALUES (3, 3, 3);
INSERT INTO PersonajeMonstruos (IdPersonaje, IdMonstruo, Cantidad) VALUES (3, 4, 1);
INSERT INTO PersonajeMonstruos (IdPersonaje, IdMonstruo, Cantidad) VALUES (4, 7, 5);
INSERT INTO PersonajeMonstruos (IdPersonaje, IdMonstruo, Cantidad) VALUES (4, 8, 2);
INSERT INTO PersonajeMonstruos (IdPersonaje, IdMonstruo, Cantidad) VALUES (5, 11, 3);
INSERT INTO PersonajeMonstruos (IdPersonaje, IdMonstruo, Cantidad) VALUES (5, 13, 1);
INSERT INTO PersonajeMonstruos (IdPersonaje, IdMonstruo, Cantidad) VALUES (6, 6, 2);
INSERT INTO PersonajeMonstruos (IdPersonaje, IdMonstruo, Cantidad) VALUES (6, 9, 1);
INSERT INTO PersonajeMonstruos (IdPersonaje, IdMonstruo, Cantidad) VALUES (7, 12, 3);
INSERT INTO PersonajeMonstruos (IdPersonaje, IdMonstruo, Cantidad) VALUES (7, 14, 1);
INSERT INTO PersonajeMonstruos (IdPersonaje, IdMonstruo, Cantidad) VALUES (8, 1, 5);
INSERT INTO PersonajeMonstruos (IdPersonaje, IdMonstruo, Cantidad) VALUES (8, 7, 2);
INSERT INTO PersonajeMonstruos (IdPersonaje, IdMonstruo, Cantidad) VALUES (9, 2, 3);
INSERT INTO PersonajeMonstruos (IdPersonaje, IdMonstruo, Cantidad) VALUES (9, 3, 1);
INSERT INTO PersonajeMonstruos (IdPersonaje, IdMonstruo, Cantidad) VALUES (10, 5, 2);
INSERT INTO PersonajeMonstruos (IdPersonaje, IdMonstruo, Cantidad) VALUES (10, 9, 2);
INSERT INTO PersonajeMonstruos (IdPersonaje, IdMonstruo, Cantidad) VALUES (11, 4, 4);
INSERT INTO PersonajeMonstruos (IdPersonaje, IdMonstruo, Cantidad) VALUES (11, 6, 1);
INSERT INTO PersonajeMonstruos (IdPersonaje, IdMonstruo, Cantidad) VALUES (12, 8, 3);
INSERT INTO PersonajeMonstruos (IdPersonaje, IdMonstruo, Cantidad) VALUES (12, 12, 1);
INSERT INTO PersonajeMonstruos (IdPersonaje, IdMonstruo, Cantidad) VALUES (13, 11, 2);
INSERT INTO PersonajeMonstruos (IdPersonaje, IdMonstruo, Cantidad) VALUES (13, 14, 1);
INSERT INTO PersonajeMonstruos (IdPersonaje, IdMonstruo, Cantidad) VALUES (14, 2, 4);
INSERT INTO PersonajeMonstruos (IdPersonaje, IdMonstruo, Cantidad) VALUES (14, 8, 1);
INSERT INTO PersonajeMonstruos (IdPersonaje, IdMonstruo, Cantidad) VALUES (15, 10, 2);
INSERT INTO PersonajeMonstruos (IdPersonaje, IdMonstruo, Cantidad) VALUES (15, 13, 2);
INSERT INTO PersonajeMonstruos (IdPersonaje, IdMonstruo, Cantidad) VALUES (16, 3, 3);
INSERT INTO PersonajeMonstruos (IdPersonaje, IdMonstruo, Cantidad) VALUES (16, 11, 1);
INSERT INTO PersonajeMonstruos (IdPersonaje, IdMonstruo, Cantidad) VALUES (17, 1, 4);
INSERT INTO PersonajeMonstruos (IdPersonaje, IdMonstruo, Cantidad) VALUES (17, 4, 1);
INSERT INTO PersonajeMonstruos (IdPersonaje, IdMonstruo, Cantidad) VALUES (18, 6, 3);
INSERT INTO PersonajeMonstruos (IdPersonaje, IdMonstruo, Cantidad) VALUES (19, 15, 2);
INSERT INTO PersonajeMonstruos (IdPersonaje, IdMonstruo, Cantidad) VALUES (19, 7, 1);
INSERT INTO PersonajeMonstruos (IdPersonaje, IdMonstruo, Cantidad) VALUES (20, 13, 3);
INSERT INTO PersonajeMonstruos (IdPersonaje, IdMonstruo, Cantidad) VALUES (20, 2, 2);
INSERT INTO PersonajeMonstruos (IdPersonaje, IdMonstruo, Cantidad) VALUES (21, 5, 4);
INSERT INTO PersonajeMonstruos (IdPersonaje, IdMonstruo, Cantidad) VALUES (21, 12, 1);
INSERT INTO PersonajeMonstruos (IdPersonaje, IdMonstruo, Cantidad) VALUES (22, 10, 2);
INSERT INTO PersonajeMonstruos (IdPersonaje, IdMonstruo, Cantidad) VALUES (22, 8, 2);
INSERT INTO PersonajeMonstruos (IdPersonaje, IdMonstruo, Cantidad) VALUES (23, 11, 3);
INSERT INTO PersonajeMonstruos (IdPersonaje, IdMonstruo, Cantidad) VALUES (23, 3, 1);
INSERT INTO PersonajeMonstruos (IdPersonaje, IdMonstruo, Cantidad) VALUES (24, 6, 2);
INSERT INTO PersonajeMonstruos (IdPersonaje, IdMonstruo, Cantidad) VALUES (24, 1, 1);
INSERT INTO PersonajeMonstruos (IdPersonaje, IdMonstruo, Cantidad) VALUES (25, 9, 4);
INSERT INTO PersonajeMonstruos (IdPersonaje, IdMonstruo, Cantidad) VALUES (25, 14, 1);
INSERT INTO PersonajeMonstruos (IdPersonaje, IdMonstruo, Cantidad) VALUES (26, 4, 2);
INSERT INTO PersonajeMonstruos (IdPersonaje, IdMonstruo, Cantidad) VALUES (26, 7, 1);
INSERT INTO Caracteristica (IdCaracteristica, Nombre, Tipo, Valor) VALUES (1, 'Fuerza', 'Estadística', 10);
INSERT INTO Caracteristica (IdCaracteristica, Nombre, Tipo, Valor) VALUES (2, 'Destreza', 'Estadística', 8);
INSERT INTO Caracteristica (IdCaracteristica, Nombre, Tipo, Valor) VALUES (3, 'Constitución', 'Estadística', 12);
INSERT INTO Caracteristica (IdCaracteristica, Nombre, Tipo, Valor) VALUES (4, 'Inteligencia', 'Estadística', 16);
INSERT INTO Caracteristica (IdCaracteristica, Nombre, Tipo, Valor) VALUES (5, 'Sabiduría', 'Estadística', 14);
INSERT INTO Caracteristica (IdCaracteristica, Nombre, Tipo, Valor) VALUES (6, 'Carisma', 'Estadística', 18);
INSERT INTO Caracteristica (IdCaracteristica, Nombre, Tipo, Valor) VALUES (7, 'Sigilo', 'Habilidad', 4);
INSERT INTO Caracteristica (IdCaracteristica, Nombre, Tipo, Valor) VALUES (8, 'Supervivencia', 'Habilidad', 6);
INSERT INTO Caracteristica (IdCaracteristica, Nombre, Tipo, Valor) VALUES (9, 'Nadar', 'Habilidad', 3);
INSERT INTO Caracteristica (IdCaracteristica, Nombre, Tipo, Valor) VALUES (10, 'Conocimiento arcano', 'Habilidad', 8);
INSERT INTO Caracteristica (IdCaracteristica, Nombre, Tipo, Valor) VALUES (11, 'Medicina', 'Habilidad', 5);
INSERT INTO Caracteristica (IdCaracteristica, Nombre, Tipo, Valor) VALUES (12, 'Liderazgo', 'Habilidad', 7);
INSERT INTO Caracteristica (IdCaracteristica, Nombre, Tipo, Valor) VALUES (13, 'Puntería', 'Habilidad', 6);
INSERT INTO Caracteristica (IdCaracteristica, Nombre, Tipo, Valor) VALUES (14, 'Conocimiento de la naturaleza', 'Habilidad', 9);
INSERT INTO Caracteristica (IdCaracteristica, Nombre, Tipo, Valor) VALUES (15, 'Atletismo', 'Habilidad', 4);
INSERT INTO Caracteristica (IdCaracteristica, Nombre, Tipo, Valor) VALUES (16, 'Intimidar', 'Habilidad', 6);
INSERT INTO Caracteristica (IdCaracteristica, Nombre, Tipo, Valor) VALUES (17, 'Robar', 'Habilidad', 5);
INSERT INTO Caracteristica (IdCaracteristica, Nombre, Tipo, Valor) VALUES (18, 'Artesanía', 'Habilidad', 4);
INSERT INTO Caracteristica (IdCaracteristica, Nombre, Tipo, Valor) VALUES (19, 'Acrobacias', 'Habilidad', 8);
INSERT INTO Caracteristica (IdCaracteristica, Nombre, Tipo, Valor) VALUES (20, 'Interpretación', 'Habilidad', 7);
INSERT INTO Caracteristica (IdCaracteristica, Nombre, Tipo, Valor) VALUES (21, 'Esquivar', 'Habilidad', 9);
INSERT INTO Caracteristica (IdCaracteristica, Nombre, Tipo, Valor) VALUES (22, 'Música', 'Habilidad', 6);
INSERT INTO Caracteristica (IdCaracteristica, Nombre, Tipo, Valor) VALUES (23, 'Agilidad', 'Atributo', '5');
INSERT INTO Caracteristica (IdCaracteristica, Nombre, Tipo, Valor) VALUES (24, 'Sigilo', 'Habilidad', '7');
INSERT INTO Caracteristica (IdCaracteristica, Nombre, Tipo, Valor) VALUES (25, 'Fuerza de Voluntad', 'Atributo', '6');
INSERT INTO Caracteristica (IdCaracteristica, Nombre, Tipo, Valor) VALUES (26, 'Rastrear', 'Habilidad', '4');
INSERT INTO Caracteristica (IdCaracteristica, Nombre, Tipo, Valor) VALUES (27, 'Constitución', 'Atributo', '7');
INSERT INTO Caracteristica (IdCaracteristica, Nombre, Tipo, Valor) VALUES (28, 'Liderazgo', 'Habilidad', '6');
INSERT INTO Caracteristica (IdCaracteristica, Nombre, Tipo, Valor) VALUES (29, 'Inteligencia', 'Atributo', '8');
INSERT INTO Caracteristica (IdCaracteristica, Nombre, Tipo, Valor) VALUES (30, 'Medicina', 'Habilidad', '5');
INSERT INTO Caracteristica (IdCaracteristica, Nombre, Tipo, Valor) VALUES (31, 'Carisma', 'Atributo', '6');
INSERT INTO Caracteristica (IdCaracteristica, Nombre, Tipo, Valor) VALUES (32, 'Robar', 'Habilidad', '3');
INSERT INTO Caracteristica(IdCaracteristica, Nombre, Tipo, Valor) VALUES (33, 'Constitución', 'Atributo', '16');
INSERT INTO Caracteristica(IdCaracteristica, Nombre, Tipo, Valor) VALUES (34, 'Destreza', 'Atributo', '20');
INSERT INTO Caracteristica(IdCaracteristica, Nombre, Tipo, Valor) VALUES (35, 'Inteligencia', 'Atributo', '18');
INSERT INTO Caracteristica(IdCaracteristica, Nombre, Tipo, Valor) VALUES (36, 'Sabiduría', 'Atributo', '15');
INSERT INTO Caracteristica(IdCaracteristica, Nombre, Tipo, Valor) VALUES (37, 'Carisma', 'Atributo', '12');
INSERT INTO Caracteristica(IdCaracteristica, Nombre, Tipo, Valor) VALUES (38, 'Fuerza de voluntad', 'Habilidad', '14');
INSERT INTO Caracteristica(IdCaracteristica, Nombre, Tipo, Valor) VALUES (39, 'Acrobacias', 'Habilidad', '20');
INSERT INTO Caracteristica(IdCaracteristica, Nombre, Tipo, Valor) VALUES (40, 'Arte y artesanía', 'Habilidad', '8');
INSERT INTO Caracteristica(IdCaracteristica, Nombre, Tipo, Valor) VALUES (41, 'Sigilo', 'Habilidad', '18');
INSERT INTO Caracteristica(IdCaracteristica, Nombre, Tipo, Valor) VALUES (42, 'Misticismo', 'Habilidad', '12');
INSERT INTO Caracteristica(IdCaracteristica, Nombre, Tipo, Valor) VALUES (43, 'Pelea', 'Habilidad', '20');
INSERT INTO Caracteristica(IdCaracteristica, Nombre, Tipo, Valor) VALUES (44, 'Navegación', 'Habilidad', '6');
INSERT INTO Caracteristica(IdCaracteristica, Nombre, Tipo, Valor) VALUES (45, 'Montar a caballo', 'Habilidad', '16');
INSERT INTO Caracteristica(IdCaracteristica, Nombre, Tipo, Valor) VALUES (46, 'Tácticas militares', 'Habilidad', '14');
INSERT INTO Caracteristica(IdCaracteristica, Nombre, Tipo, Valor) VALUES (47, 'Diplomacia', 'Habilidad', '16');
INSERT INTO Caracteristica(IdCaracteristica, Nombre, Tipo, Valor) VALUES (48, 'Supervivencia', 'Habilidad', '12');
INSERT INTO Caracteristica(IdCaracteristica, Nombre, Tipo, Valor) VALUES (49, 'Conocimiento de la naturaleza', 'Habilidad', '18');
INSERT INTO Caracteristica(IdCaracteristica, Nombre, Tipo, Valor) VALUES (50, 'Trampas', 'Habilidad', '14');
INSERT INTO CaracteristicasClase (IdClase, IdCaracteristica) VALUES (1, 1);
INSERT INTO CaracteristicasClase (IdClase, IdCaracteristica) VALUES (1, 2);
INSERT INTO CaracteristicasClase (IdClase, IdCaracteristica) VALUES (1, 3);
INSERT INTO CaracteristicasClase (IdClase, IdCaracteristica) VALUES (1, 4);
INSERT INTO CaracteristicasClase (IdClase, IdCaracteristica) VALUES (1, 5);
INSERT INTO CaracteristicasClase (IdClase, IdCaracteristica) VALUES (1, 6);
INSERT INTO CaracteristicasClase (IdClase, IdCaracteristica) VALUES (1, 7);
INSERT INTO CaracteristicasClase (IdClase, IdCaracteristica) VALUES (1, 8);
INSERT INTO CaracteristicasClase (IdClase, IdCaracteristica) VALUES (1, 9);
INSERT INTO CaracteristicasClase (IdClase, IdCaracteristica) VALUES (2, 10);
INSERT INTO CaracteristicasClase (IdClase, IdCaracteristica) VALUES (2, 11);
INSERT INTO CaracteristicasClase (IdClase, IdCaracteristica) VALUES (2, 12);
INSERT INTO CaracteristicasClase (IdClase, IdCaracteristica) VALUES (2, 13);
INSERT INTO CaracteristicasClase (IdClase, IdCaracteristica) VALUES (2, 14);
INSERT INTO CaracteristicasClase (IdClase, IdCaracteristica) VALUES (2, 15);
INSERT INTO CaracteristicasClase (IdClase, IdCaracteristica) VALUES (2, 16);
INSERT INTO CaracteristicasClase (IdClase, IdCaracteristica) VALUES (2, 17);
INSERT INTO CaracteristicasClase (IdClase, IdCaracteristica) VALUES (2, 18);
INSERT INTO CaracteristicasClase (IdClase, IdCaracteristica) VALUES (3, 19);
INSERT INTO CaracteristicasClase (IdClase, IdCaracteristica) VALUES (3, 20);
INSERT INTO CaracteristicasClase (IdClase, IdCaracteristica) VALUES (3, 21);
INSERT INTO CaracteristicasClase (IdClase, IdCaracteristica) VALUES (3, 22);
INSERT INTO CaracteristicasClase (IdClase, IdCaracteristica) VALUES (3, 23);
INSERT INTO CaracteristicasClase (IdClase, IdCaracteristica) VALUES (3, 24);
INSERT INTO CaracteristicasClase (IdClase, IdCaracteristica) VALUES (3, 25);
INSERT INTO CaracteristicasClase (IdClase, IdCaracteristica) VALUES (3, 26);
INSERT INTO CaracteristicasClase (IdClase, IdCaracteristica) VALUES (3, 27);
INSERT INTO CaracteristicasClase (IdClase, IdCaracteristica) VALUES (4, 28);
INSERT INTO CaracteristicasClase (IdClase, IdCaracteristica) VALUES (4, 29);
INSERT INTO CaracteristicasClase (IdClase, IdCaracteristica) VALUES (4, 30);
INSERT INTO CaracteristicasClase (IdClase, IdCaracteristica) VALUES (4, 31);
INSERT INTO CaracteristicasClase (IdClase, IdCaracteristica) VALUES (13, 1);
INSERT INTO CaracteristicasClase (IdClase, IdCaracteristica) VALUES (13, 2);
INSERT INTO CaracteristicasClase (IdClase, IdCaracteristica) VALUES (13, 3);
INSERT INTO CaracteristicasClase (IdClase, IdCaracteristica) VALUES (13, 4);
INSERT INTO CaracteristicasClase (IdClase, IdCaracteristica) VALUES (13, 5);
INSERT INTO CaracteristicasClase (IdClase, IdCaracteristica) VALUES (13, 6);
INSERT INTO CaracteristicasClase (IdClase, IdCaracteristica) VALUES (13, 7);
INSERT INTO CaracteristicasClase (IdClase, IdCaracteristica) VALUES (13, 8);
INSERT INTO CaracteristicasClase (IdClase, IdCaracteristica) VALUES (13, 9);
INSERT INTO CaracteristicasClase (IdClase, IdCaracteristica) VALUES (13, 10);
INSERT INTO CaracteristicasClase (IdClase, IdCaracteristica) VALUES (13, 11);
INSERT INTO CaracteristicasClase (IdClase, IdCaracteristica) VALUES (13, 12);
INSERT INTO CaracteristicasClase (IdClase, IdCaracteristica) VALUES (13, 13);
INSERT INTO CaracteristicasClase (IdClase, IdCaracteristica) VALUES (13, 14);
INSERT INTO CaracteristicasClase (IdClase, IdCaracteristica) VALUES (13, 15);
INSERT INTO CaracteristicasClase (IdClase, IdCaracteristica) VALUES (13, 16);
INSERT INTO CaracteristicasClase (IdClase, IdCaracteristica) VALUES (13, 17);
INSERT INTO CaracteristicasClase (IdClase, IdCaracteristica) VALUES (13, 18);
INSERT INTO CaracteristicasClase (IdClase, IdCaracteristica) VALUES (13, 19);
INSERT INTO CaracteristicasRazaMonstruo (IdRazaMonstruo, IdCaracteristica) VALUES (1, 1);
INSERT INTO CaracteristicasRazaMonstruo (IdRazaMonstruo, IdCaracteristica) VALUES (1, 2);
INSERT INTO CaracteristicasRazaMonstruo (IdRazaMonstruo, IdCaracteristica) VALUES (1, 3);
INSERT INTO CaracteristicasRazaMonstruo (IdRazaMonstruo, IdCaracteristica) VALUES (1, 4);
INSERT INTO CaracteristicasRazaMonstruo (IdRazaMonstruo, IdCaracteristica) VALUES (1, 5);
INSERT INTO CaracteristicasRazaMonstruo (IdRazaMonstruo, IdCaracteristica) VALUES (1, 6);
INSERT INTO CaracteristicasRazaMonstruo (IdRazaMonstruo, IdCaracteristica) VALUES (1, 7);
INSERT INTO CaracteristicasRazaMonstruo (IdRazaMonstruo, IdCaracteristica) VALUES (1, 8);
INSERT INTO CaracteristicasRazaMonstruo (IdRazaMonstruo, IdCaracteristica) VALUES (1, 9);
INSERT INTO CaracteristicasRazaMonstruo (IdRazaMonstruo, IdCaracteristica) VALUES (2, 10);
INSERT INTO CaracteristicasRazaMonstruo (IdRazaMonstruo, IdCaracteristica) VALUES (2, 11);
INSERT INTO CaracteristicasRazaMonstruo (IdRazaMonstruo, IdCaracteristica) VALUES (2, 12);
INSERT INTO CaracteristicasRazaMonstruo (IdRazaMonstruo, IdCaracteristica) VALUES (2, 13);
INSERT INTO CaracteristicasRazaMonstruo (IdRazaMonstruo, IdCaracteristica) VALUES (2, 14);
INSERT INTO CaracteristicasRazaMonstruo (IdRazaMonstruo, IdCaracteristica) VALUES (2, 15);
INSERT INTO CaracteristicasRazaMonstruo (IdRazaMonstruo, IdCaracteristica) VALUES (2, 16);
INSERT INTO CaracteristicasRazaMonstruo (IdRazaMonstruo, IdCaracteristica) VALUES (2, 17);
INSERT INTO CaracteristicasRazaMonstruo (IdRazaMonstruo, IdCaracteristica) VALUES (2, 18);
INSERT INTO CaracteristicasRazaMonstruo (IdRazaMonstruo, IdCaracteristica) VALUES (3, 19);
INSERT INTO CaracteristicasRazaMonstruo (IdRazaMonstruo, IdCaracteristica) VALUES (3, 20);
INSERT INTO CaracteristicasRazaMonstruo (IdRazaMonstruo, IdCaracteristica) VALUES (3, 21);
INSERT INTO CaracteristicasRazaMonstruo (IdRazaMonstruo, IdCaracteristica) VALUES (3, 22);
INSERT INTO CaracteristicasRazaMonstruo (IdRazaMonstruo, IdCaracteristica) VALUES (3, 23);
INSERT INTO CaracteristicasRazaMonstruo (IdRazaMonstruo, IdCaracteristica) VALUES (3, 24);
INSERT INTO CaracteristicasRazaMonstruo (IdRazaMonstruo, IdCaracteristica) VALUES (3, 25);
INSERT INTO CaracteristicasRazaMonstruo (IdRazaMonstruo, IdCaracteristica) VALUES (3, 26);
INSERT INTO CaracteristicasRazaMonstruo (IdRazaMonstruo, IdCaracteristica) VALUES (3, 27);
INSERT INTO CaracteristicasRazaMonstruo (IdRazaMonstruo, IdCaracteristica) VALUES (4, 28);
INSERT INTO CaracteristicasRazaMonstruo (IdRazaMonstruo, IdCaracteristica) VALUES (4, 29);
INSERT INTO CaracteristicasRazaMonstruo (IdRazaMonstruo, IdCaracteristica) VALUES (4, 30);
INSERT INTO CaracteristicasRazaMonstruo (IdRazaMonstruo, IdCaracteristica) VALUES (4, 31);
INSERT INTO CaracteristicasRazaMonstruo (IdRazaMonstruo, IdCaracteristica) VALUES (13, 1);
INSERT INTO CaracteristicasRazaMonstruo (IdRazaMonstruo, IdCaracteristica) VALUES (13, 2);
INSERT INTO CaracteristicasRazaMonstruo (IdRazaMonstruo, IdCaracteristica) VALUES (13, 3);
INSERT INTO CaracteristicasRazaMonstruo (IdRazaMonstruo, IdCaracteristica) VALUES (13, 4);
INSERT INTO CaracteristicasRazaMonstruo (IdRazaMonstruo, IdCaracteristica) VALUES (13, 5);
INSERT INTO CaracteristicasRazaMonstruo (IdRazaMonstruo, IdCaracteristica) VALUES (13, 6);
INSERT INTO CaracteristicasRazaMonstruo (IdRazaMonstruo, IdCaracteristica) VALUES (13, 7);
INSERT INTO CaracteristicasRazaMonstruo (IdRazaMonstruo, IdCaracteristica) VALUES (13, 8);
INSERT INTO CaracteristicasRazaMonstruo (IdRazaMonstruo, IdCaracteristica) VALUES (13, 9);
INSERT INTO CaracteristicasRazaMonstruo (IdRazaMonstruo, IdCaracteristica) VALUES (13, 10);
INSERT INTO CaracteristicasRazaMonstruo (IdRazaMonstruo, IdCaracteristica) VALUES (13, 11);
INSERT INTO CaracteristicasRazaMonstruo (IdRazaMonstruo, IdCaracteristica) VALUES (13, 12);
INSERT INTO CaracteristicasRazaMonstruo (IdRazaMonstruo, IdCaracteristica) VALUES (13, 13);
INSERT INTO CaracteristicasRazaMonstruo (IdRazaMonstruo, IdCaracteristica) VALUES (13, 14);
INSERT INTO CaracteristicasRazaMonstruo (IdRazaMonstruo, IdCaracteristica) VALUES (13, 15);
INSERT INTO CaracteristicasRazaMonstruo (IdRazaMonstruo, IdCaracteristica) VALUES (13, 16);
INSERT INTO CaracteristicasRazaMonstruo (IdRazaMonstruo, IdCaracteristica) VALUES (13, 17);
INSERT INTO CaracteristicasRazaMonstruo (IdRazaMonstruo, IdCaracteristica) VALUES (13, 18);
INSERT INTO CaracteristicasRazaMonstruo (IdRazaMonstruo, IdCaracteristica) VALUES (13, 19);
INSERT INTO CaracteristicasRazaPersonaje (IdRazaPersonaje, IdCaracteristica) VALUES (1, 1);
INSERT INTO CaracteristicasRazaPersonaje (IdRazaPersonaje, IdCaracteristica) VALUES (1, 2);
INSERT INTO CaracteristicasRazaPersonaje (IdRazaPersonaje, IdCaracteristica) VALUES (1, 3);
INSERT INTO CaracteristicasRazaPersonaje (IdRazaPersonaje, IdCaracteristica) VALUES (1, 4);
INSERT INTO CaracteristicasRazaPersonaje (IdRazaPersonaje, IdCaracteristica) VALUES (1, 5);
INSERT INTO CaracteristicasRazaPersonaje (IdRazaPersonaje, IdCaracteristica) VALUES (1, 6);
INSERT INTO CaracteristicasRazaPersonaje (IdRazaPersonaje, IdCaracteristica) VALUES (1, 7);
INSERT INTO CaracteristicasRazaPersonaje (IdRazaPersonaje, IdCaracteristica) VALUES (1, 8);
INSERT INTO CaracteristicasRazaPersonaje (IdRazaPersonaje, IdCaracteristica) VALUES (1, 9);
INSERT INTO CaracteristicasRazaPersonaje (IdRazaPersonaje, IdCaracteristica) VALUES (2, 10);
INSERT INTO CaracteristicasRazaPersonaje (IdRazaPersonaje, IdCaracteristica) VALUES (2, 11);
INSERT INTO CaracteristicasRazaPersonaje (IdRazaPersonaje, IdCaracteristica) VALUES (2, 12);
INSERT INTO CaracteristicasRazaPersonaje (IdRazaPersonaje, IdCaracteristica) VALUES (2, 13);
INSERT INTO CaracteristicasRazaPersonaje (IdRazaPersonaje, IdCaracteristica) VALUES (2, 14);
INSERT INTO CaracteristicasRazaPersonaje (IdRazaPersonaje, IdCaracteristica) VALUES (2, 15);
INSERT INTO CaracteristicasRazaPersonaje (IdRazaPersonaje, IdCaracteristica) VALUES (2, 16);
INSERT INTO CaracteristicasRazaPersonaje (IdRazaPersonaje, IdCaracteristica) VALUES (2, 17);
INSERT INTO CaracteristicasRazaPersonaje (IdRazaPersonaje, IdCaracteristica) VALUES (2, 18);
INSERT INTO CaracteristicasRazaPersonaje (IdRazaPersonaje, IdCaracteristica) VALUES (3, 19);
INSERT INTO CaracteristicasRazaPersonaje (IdRazaPersonaje, IdCaracteristica) VALUES (3, 20);
INSERT INTO CaracteristicasRazaPersonaje (IdRazaPersonaje, IdCaracteristica) VALUES (3, 21);
INSERT INTO CaracteristicasRazaPersonaje (IdRazaPersonaje, IdCaracteristica) VALUES (3, 22);
INSERT INTO CaracteristicasRazaPersonaje (IdRazaPersonaje, IdCaracteristica) VALUES (3, 23);
INSERT INTO CaracteristicasRazaPersonaje (IdRazaPersonaje, IdCaracteristica) VALUES (3, 24);
INSERT INTO CaracteristicasRazaPersonaje (IdRazaPersonaje, IdCaracteristica) VALUES (3, 25);
INSERT INTO CaracteristicasRazaPersonaje (IdRazaPersonaje, IdCaracteristica) VALUES (3, 26);
INSERT INTO CaracteristicasRazaPersonaje (IdRazaPersonaje, IdCaracteristica) VALUES (3, 27);
INSERT INTO CaracteristicasRazaPersonaje (IdRazaPersonaje, IdCaracteristica) VALUES (4, 28);
INSERT INTO CaracteristicasRazaPersonaje (IdRazaPersonaje, IdCaracteristica) VALUES (4, 29);
INSERT INTO CaracteristicasRazaPersonaje (IdRazaPersonaje, IdCaracteristica) VALUES (4, 30);
INSERT INTO CaracteristicasRazaPersonaje (IdRazaPersonaje, IdCaracteristica) VALUES (4, 31);
INSERT INTO CaracteristicasRazaPersonaje (IdRazaPersonaje, IdCaracteristica) VALUES (13, 1);
INSERT INTO CaracteristicasRazaPersonaje (IdRazaPersonaje, IdCaracteristica) VALUES (13, 2);
INSERT INTO CaracteristicasRazaPersonaje (IdRazaPersonaje, IdCaracteristica) VALUES (13, 3);
INSERT INTO CaracteristicasRazaPersonaje (IdRazaPersonaje, IdCaracteristica) VALUES (13, 4);
INSERT INTO CaracteristicasRazaPersonaje (IdRazaPersonaje, IdCaracteristica) VALUES (13, 5);
INSERT INTO CaracteristicasRazaPersonaje (IdRazaPersonaje, IdCaracteristica) VALUES (13, 6);
INSERT INTO CaracteristicasRazaPersonaje (IdRazaPersonaje, IdCaracteristica) VALUES (13, 7);
INSERT INTO CaracteristicasRazaPersonaje (IdRazaPersonaje, IdCaracteristica) VALUES (13, 8);
INSERT INTO CaracteristicasRazaPersonaje (IdRazaPersonaje, IdCaracteristica) VALUES (13, 9);
INSERT INTO CaracteristicasRazaPersonaje (IdRazaPersonaje, IdCaracteristica) VALUES (13, 10);
INSERT INTO CaracteristicasRazaPersonaje (IdRazaPersonaje, IdCaracteristica) VALUES (13, 11);
INSERT INTO CaracteristicasRazaPersonaje (IdRazaPersonaje, IdCaracteristica) VALUES (13, 12);
INSERT INTO CaracteristicasRazaPersonaje (IdRazaPersonaje, IdCaracteristica) VALUES (13, 13);
INSERT INTO CaracteristicasRazaPersonaje (IdRazaPersonaje, IdCaracteristica) VALUES (13, 14);
INSERT INTO CaracteristicasRazaPersonaje (IdRazaPersonaje, IdCaracteristica) VALUES (13, 15);
INSERT INTO CaracteristicasRazaPersonaje (IdRazaPersonaje, IdCaracteristica) VALUES (13, 16);
INSERT INTO CaracteristicasRazaPersonaje (IdRazaPersonaje, IdCaracteristica) VALUES (13, 17);
INSERT INTO CaracteristicasRazaPersonaje (IdRazaPersonaje, IdCaracteristica) VALUES (13, 18);
INSERT INTO CaracteristicasRazaPersonaje (IdRazaPersonaje, IdCaracteristica) VALUES (13, 19);
